7501526090,nature
7501526090,mari. mamm. sci.
7501526090,arch. environ. contam. toxicol.
7501526090,landsc. ecol.
7501526090,proc. natl. acad. sci. u. s. a.
7501526090,new phytol.
7501526090,perspect. plant ecol. evol. syst.
7501526090,isme j.
7501526090,plos biol.
7501526090,plos. negl. trop. dis.
7501526090,environ. entomol.
7501526090,bull. entomol. res.
7501526090,biocontrol
7501526090,exp. appl. acarol.
7501526090,ecol. informatics
7501526090,can. j. bot.
7501526090,j. agric. food chem.
7501526090,clim. res.
7501526090,herpetol. j.
7501526090,fish. bull.
7501526090,paleobiology
7501526090,southeast. nat.
7501526090,antarct. sci.
7501526090,infec. genet. evol.
16178761600,anim. behav.
16178761600,j. anim. ecol.
16178761600,j. avian biol.
16178761600,mammalia
16178761600,ecology and evolution
16178761600,j. phycol.
16178761600,geoderma
16178761600,j. environ. qual.
16178761600,evol. ecol. res.
16178761600,j. math. biol.
16178761600,lancet
16178761600,proc. biol. sci.
16178761600,water air soil pollut.
16178761600,behaviour
16178761600,physiol. behav.
16178761600,bot.
16178761600,environ. sci. pollut. res.
16178761600,nat. conserv.
16178761600,verh. ges. okol.
16178761600,mar. environ. res.
16178761600,front. mar. sci.
16178761600,rev. fish biol. fish.
16178761600,holocene
16178761600,bioessays
16178761600,paleobiology
16178761600,appl. geogr.
16178761600,heredity
14012077200,ethology
14012077200,fish. res.
14012077200,j. avian biol.
14012077200,proc. r. soc. b biol. sci.
14012077200,insect conserv. diversity
14012077200,behav. ecol. sociobiol.
14012077200,environ. monit. assess.
14012077200,geoderma
14012077200,plant ecol.
14012077200,soil sci.
14012077200,aquatic toxicol.
14012077200,water res.
14012077200,eur. j. for. res.
14012077200,arctic antarct. alp. res.
14012077200,crustaceana
14012077200,ecoscience
14012077200,bull. mar. sci.
14012077200,taxon
14012077200,pol. j. ecol.
14012077200,environ. sci. pollut. res.
14012077200,biotropica
14012077200,ecol. informatics
14012077200,j. microbiol. methods
14012077200,acta oecol.
14012077200,fungal ecol.
14012077200,j. exp. zool. part a ecol. genet. physiol.
14012077200,paleobiology
14012077200,wilson bull.
14012077200,antarct. sci.
14012077200,j. limnol.
14012077200,mammal rev.
7004345725,j. raptor res.
7004345725,j. wildl. manage.
7004345725,ecosphere
7004345725,sci. total environ.
7004345725,behav. ecol. sociobiol.
7004345725,integr. comp. biol.
7004345725,wildl. res.
7004345725,eur. j. phycol.
7004345725,environ. manage.
7004345725,environ. monit. assess.
7004345725,global biogeochem. cycles
7004345725,j. veg. sci.
7004345725,nat. clim. change
7004345725,tree physiol.
7004345725,for. sci.
7004345725,ambio
7004345725,ann. rev. ecol. syst.
7004345725,eos
7004345725,bull. am. meteorol. soc.
7004345725,evol. ecol.
7004345725,austral ecol.
7004345725,environ. conserv.
7004345725,glob. ecol. conserv.
7004345725,water air soil pollut.
7004345725,philos. trans. r. soc. b biol. sci.
7004345725,appl. veg. sci.
7004345725,biol. control
7004345725,physiol. behav.
7004345725,insectes sociaux
7004345725,bmc ecol.
7004345725,dis. aquatic org.
7004345725,aquatic conserv. mar. freshw. ecosyst.
7004345725,dig int geosci remote sens symp (igarss)
7004345725,catena
7004345725,j. sea res.
7004345725,prog. phys. geogr.
7004345725,biomass bioenergy
7004345725,j. for. res.
7005601824,comp. biochem. physiol. a mol. integr. physiol.
7005601824,elife
7005601824,endanger. species res.
7005601824,fish. res.
7005601824,ecol. complex.
7005601824,ecol. eng.
7005601824,restor. ecol.
7005601824,north am. j. fish. manage.
7005601824,nat. ecol. evol.
7005601824,fems microbiol. ecol.
7005601824,j. virol.
7005601824,lancet
7005601824,water air soil pollut
7005601824,j. bacteriol.
7005601824,ann. bot.
7005601824,iahs-aish publ.
7005601824,int. j. plant sci.
7005601824,planta
7005601824,int. j. wildland fire
7005601824,vegetatio
7005601824,environ. conserv.
7005601824,j. evol. biol.
7005601824,j. insect behav.
7005601824,rev. fish biol. fish.
7005601824,oceanogr.
7005601824,hydrol. processes
7005601824,rev. palaeobot. palynol.
7005601824,funct. plant biol.
7005601824,j. microbiol. methods
7005601824,rangeland ecol. manage.
7005601824,nord. j. bot.
7005601824,harmful algae
7005601824,curr. zool.
7005601824,biol. rev. camb. philos. soc.
7005601824,southeast. nat.
7005601824,antarct. sci.
7005601824,j. quat. sci.
7005347792,j. ornithol.
7005347792,waterbirds
7005347792,agric. syst.
7005347792,j. insect conserv.
7005347792,emu
7005347792,appl. environ. microbiol.
7005347792,j. environ. qual.
7005347792,j. am. water resour. assoc.
7005347792,ecosystems
7005347792,bmc bioinform.
7005347792,mol. biol. evol.
7005347792,plos. negl. trop. dis.
7005347792,clim. change
7005347792,bull. entomol. res.
7005347792,urban ecosyst.
7005347792,appl. veg. sci.
7005347792,sociobiology
7005347792,chemoecology
7005347792,funct. plant biol.
7005347792,nord. j. bot.
7005347792,west. north am. nat.
7005347792,catena
7005347792,j. plankton res.
7005347792,wildl. biol.
7005347792,genetics
7005347792,vet. parasitol.
6506113466,am. nat.
6506113466,comp. biochem. physiol. a mol. integr. physiol.
6506113466,deep-sea res. part ii top. stud. oceanogr.
6506113466,ecol. monogr.
6506113466,endanger. species res.
6506113466,j. mar. biol. assoc. u.k.
6506113466,mov. ecol.
6506113466,appl. anim. behav. sci.
6506113466,ecography
6506113466,ecol. res.
6506113466,fisheries
6506113466,environ. sci. technol.
6506113466,environ. manage.
6506113466,perspect. plant ecol. evol. syst.
6506113466,ambio
6506113466,geoscientific model dev.
6506113466,landsc. urban plann.
6506113466,crop prot.
6506113466,insect sci.
6506113466,gcb bioenergy
6506113466,j. trop. ecol.
6506113466,atmos. environ.
6506113466,northwest sci.
6506113466,bmc plant biol.
6506113466,plant dis.
6506113466,biol. rev. camb. philos. soc.
6506113466,j. exp. zool.
6506113466,estuaries
6506113466,"philos. trans. r. soc. lond., b, biol. sci."
6506113466,antarct. sci.
7402545870,estuar. coast. shelf sci.
7402545870,ethology
7402545870,soil biol. biochem.
7402545870,j. mammal.
7402545870,environ. sci. technol.
7402545870,j. agric. biol. environ.
7402545870,soil sci. soc. am. j.
7402545870,landsc. ecol.
7402545870,curr. opin. environ. sustainability
7402545870,global biogeochem. cycles
7402545870,nat. geosci.
7402545870,r. soc. open sci.
7402545870,quat. sci. rev.
7402545870,int. j. parasitol.
7402545870,acta chiropterologica
7402545870,glob chang biol
7402545870,aquaculture
7402545870,aquatic conserv. mar. freshw. ecosyst.
7402545870,bot. mar.
7402545870,clim. past
7402545870,j. geophys. res. biogeosci.
7402545870,for. chron.
7402545870,atmos. environ.
7402545870,northwest sci.
7402545870,ecol. restor.
7402545870,plant ecol. diversity
7402545870,earth plan. sci. lett.
7402545870,bioessays
7402545870,aquatic microb. ecol.
7402545870,soil use manage.
6603399408,can. j. zool.
6603399408,funct. ecol.
6603399408,mar. ornithol.
6603399408,j. raptor res.
6603399408,arctic
6603399408,environ. manage.
6603399408,photogramm. eng. remote sens.
6603399408,environ biol fish
6603399408,trans. am. fish. soc.
6603399408,eur. j. for. res.
6603399408,lancet
6603399408,eos
6603399408,parasitology
6603399408,acta hortic.
6603399408,mol. ecol. notes
6603399408,holocene
6603399408,water
6603399408,anal. chem.
6603399408,geology
6603399408,clim. res.
6603399408,front. zool.
7408615693,j. avian biol.
7408615693,mar. biol.
7408615693,science
7408615693,waterbirds
7408615693,ecosphere
7408615693,can. field-nat.
7408615693,ecol. indic.
7408615693,j. soils sed.
7408615693,trans. am. fish. soc.
7408615693,int. j. remote sens.
7408615693,eur. j. for. res.
7408615693,j. clim.
7408615693,environ. entomol.
7408615693,trees struct. funct.
7408615693,austral ecol.
7408615693,ann. new york acad. sci.
7408615693,curr. opin. insect sci.
7408615693,j. econ. entomol.
7408615693,sociobiology
7408615693,front. mar. sci.
7408615693,cont. shelf res.
7408615693,remote sens. environ.
7408615693,fungal ecol.
7102771880,hydrobiologia
7102771880,mar. biol.
7102771880,ecography
7102771880,sci. total environ.
7102771880,ecol. eng.
7102771880,eur. j. soil sci.
7102771880,water resour. res.
7102771880,j. hydrol.
7102771880,trans. am. fish. soc.
7102771880,mol. biol. evol.
7102771880,clim. change
7102771880,ecoscience
7102771880,j chem ecol
7102771880,ecol. manage. restor.
7102771880,int. j. parasitol.
7102771880,vegetatio
7102771880,acta chiropterologica
7102771880,ecol. econ.
7102771880,urban ecosyst.
7102771880,agric. for. entomol.
7102771880,j. econ. entomol.
7102771880,aquaculture
7102771880,mar. environ. res.
7102771880,j. geophys. res. c oceans
7102771880,cont. shelf res.
7102771880,mol. ecol. resour.
7102771880,evolution
7102771880,limnol. oceanogr. methods
7102771880,remote sens. environ.
7102771880,quat. res. (usa)
7102771880,sustainability
7102771880,funct. plant biol.
7102771880,j. microbiol. methods
7102771880,weed sci.
7102771880,syst. biol.
7102771880,j. plankton res.
7102771880,stud. neotrop. fauna environ.
7102771880,front. zool.
35429150600,j. anim. ecol.
35429150600,j. ornithol.
35429150600,physiol. biochem. zool.
35429150600,science
35429150600,conserv. genet.
35429150600,oryx
35429150600,ursus
35429150600,estuar. coasts
35429150600,ices j. mar. sci.
35429150600,ecoscience
35429150600,aust. j. ecol.
35429150600,diversity distrib.
35429150600,gen. comp. endocrinol.
35429150600,bull. mar. sci.
35429150600,biocontrol
35429150600,eur. j. entomol.
35429150600,genome biol.
35429150600,zootaxa
35429150600,plant. signal. behav.
35429150600,vet. parasitol.
55176002300,j. molluscan stud.
55176002300,wildl. soc. bull.
55176002300,conserv. lett.
55176002300,environ. pollut.
55176002300,arch. hydrobiol.
55176002300,biogeochemistry
55176002300,eur. j. soil sci.
55176002300,soil sci.
55176002300,aquat. toxicol.
55176002300,j. fish biol.
55176002300,north am. j. fish. manage.
55176002300,global biogeochem. cycles
55176002300,genome biolog. evol.
55176002300,arctic antarct. alp. res.
55176002300,anim. conserv.
55176002300,acta chiropterologica
55176002300,pol. j. ecol.
55176002300,environ. model. softw.
55176002300,environ. sci. pollut. res.
55176002300,front. plant sci.
55176002300,chem. geol.
55176002300,bull. environ. contam. toxicol.
55176002300,new for.
55748313900,ibis
55748313900,mar. biol.
55748313900,mov. ecol.
55748313900,agric. syst.
55748313900,conserv. lett.
55748313900,can. field-nat.
55748313900,ecol. indic.
55748313900,plos genet.
55748313900,basic appl. ecol.
55748313900,curr. opin. environ. sustainability
55748313900,j. ecol.
55748313900,j. plant ecol.
55748313900,bmc bioinform.
55748313900,global planet. change
55748313900,acta chiropterologica
55748313900,j. nat. conserv.
55748313900,landsc. urban plann.
55748313900,land use policy
55748313900,acta hortic.
55748313900,freshwater sci.
55748313900,bot. mar.
55748313900,phytochemistry
55748313900,plant dis.
55748313900,photosynthetica
55748313900,ecol. restor.
55748313900,j. plankton res.
55748313900,"philos. trans. r. soc. lond., b, biol. sci."
55748313900,wildl. biol.
55748313900,land degrad. dev.
7403392320,ecol. monogr.
7403392320,j. exp. biol.
7403392320,methods ecol. evol.
7403392320,biodiversity conserv.
7403392320,ecography
7403392320,can. field-nat.
7403392320,wetlands ecol. manage.
7403392320,appl. environ. microbiol.
7403392320,biogeochemistry
7403392320,soil sci.
7403392320,aquat. toxicol.
7403392320,ecohydrology
7403392320,j. geophys. res. d atmos.
7403392320,ecol. soc.
7403392320,epidemiol. infect.
7403392320,sci. mar.
7403392320,environ.res.lett.
7403392320,curr. biol.
7403392320,bull. entomol. res.
7403392320,j. insect sci.
7403392320,j. econ. entomol.
7403392320,fish fish.
7403392320,amphib. reptilia
7403392320,syst. biol.
7403392320,stud. neotrop. fauna environ.
7007033191,ibis
7007033191,mar. biol.
7007033191,appl. anim. behav. sci.
7007033191,limnol. oceanogr.
7007033191,environmetrics
7007033191,north am. j. fish. manage.
7007033191,basic appl. ecol.
7007033191,ecol. soc.
7007033191,bmc bioinform.
7007033191,int. j. plant sci.
7007033191,northeast. nat.
7007033191,environ. biol. fishes
7007033191,pest manage. sci.
7007033191,exp. appl. acarol.
7007033191,isr. j. ecol. evolution
7007033191,phytopathology
7007033191,rev. fish biol. fish.
7007033191,environ. microbiol.
7007033191,harmful algae
7007033191,geology
7007033191,evol. dev.
7007033191,estuaries
7007033191,rangelands
7007033191,antarct. sci.
7003826192,fish. res.
7003826192,j. mar. syst.
7003826192,j. ornithol.
7003826192,mar. ecol. prog. ser.
7003826192,peerj
7003826192,environ. pollut.
7003826192,ecol. appl.
7003826192,ecol. indic.
7003826192,j. soils sed.
7003826192,j. fish biol.
7003826192,j. freshw. ecol.
7003826192,can. j. for. res.
7003826192,plant soil
7003826192,ecol. soc.
7003826192,j. torrey bot. soc.
7003826192,bull. am. meteorol. soc.
7003826192,plant cell environ.
7003826192,j. arid environ.
7003826192,biol. control
7003826192,j. therm. biol.
7003826192,environ. sci. pollut. res.
7003826192,physiol.entomol.
7003826192,plant biol.
7003826192,mar. environ. res.
7003826192,front. mar. sci.
7003826192,j. geophys. res. biogeosci.
7003826192,j. paleolimnol.
7003826192,j. trop. ecol.
7003826192,northwest sci.
7003826192,photosynthetica
7003826192,j. sea res.
7003826192,evol. appl.
7003826192,"philos. trans. r. soc. lond., b, biol. sci."
7003826192,wilson bull.
7003826192,j. limnol.
8553290000,j. avian biol.
8553290000,j. ornithol.
8553290000,j. environ. manage.
8553290000,environ. sci. technol.
8553290000,environ. manage.
8553290000,water resour. res.
8553290000,ecotoxicol. environ. saf.
8553290000,new phytol.
8553290000,tree physiol.
8553290000,j. math. biol.
8553290000,j. virol.
8553290000,water air soil pollut
8553290000,environ. conserv.
8553290000,eur. j. entomol.
8553290000,physiol. behav.
8553290000,j. chem. ecol.
8553290000,clim. past
8553290000,anal. chem.
8553290000,evol. biol.
8553290000,j. plankton res.
8553290000,biol. rev. camb. philos. soc.
8553290000,stud. neotrop. fauna environ.
8553290000,ethol. ecol. evol.
8553290000,ieee j. sel. top. appl. earth obs. remote sens.
7005389072,j. anim. ecol.
7005389072,proc. r. soc. b biol. sci.
7005389072,ursus
7005389072,freshw. biol.
7005389072,ecol. model.
7005389072,r. soc. open sci.
7005389072,polar res.
7005389072,j. torrey bot. soc.
7005389072,proc spie int soc opt eng
7005389072,glob. ecol. conserv.
7005389072,philos. trans. r. soc. b biol. sci.
7005389072,eur. j. entomol.
7005389072,insect sci.
7005389072,insectes sociaux
7005389072,bmc ecol.
7005389072,j. invertebr. pathol.
7005389072,nat. conserv.
7005389072,biol. bull.
7005389072,mol. ecol. resour.
7005389072,chin. j. appl. ecol.
7005389072,ecol. restor.
7005389072,ethol. ecol. evol.
7005389072,appl. geogr.
7005389072,j. limnol.
7005624522,comp. biochem. physiol. a mol. integr. physiol.
7005624522,conserv. biol.
7005624522,j. parasitol.
7005624522,ann. app. biol.
7005624522,ecosphere
7005624522,environ. pollut.
7005624522,ecol. appl.
7005624522,popul. ecol.
7005624522,wetlands
7005624522,biogeosciences
7005624522,plant ecol.
7005624522,ecol. model.
7005624522,ecotoxicol. environ. saf.
7005624522,ices j. mar. sci.
7005624522,j. am. water resour. assoc.
7005624522,forests
7005624522,j. math. biol.
7005624522,environ. sci. policy
7005624522,quat. sci. rev.
7005624522,trees struct. funct.
7005624522,anim. conserv.
7005624522,pac. conserv. biol.
7005624522,acta chiropterologica
7005624522,environ. conserv.
7005624522,j. nat. conserv.
7005624522,gen. comp. endocrinol.
7005624522,j. invertebr. pathol.
7005624522,biotropica
7005624522,ecol. informatics
7005624522,sustainability
7005624522,fungal ecol.
7005624522,j. morphol.
7005624522,ethol. ecol. evol.
7005624522,paleobiology
7401777589,aqua. biol.
7401777589,ecol. monogr.
7401777589,frontiers ecol. envir.
7401777589,soil biol. biochem.
7401777589,bioscience
7401777589,ecol. complex.
7401777589,j. phycol.
7401777589,arch. hydrobiol.
7401777589,ecol. model.
7401777589,environ biol fish
7401777589,basic appl. ecol.
7401777589,for. ecol. manage.
7401777589,water air soil pollut
7401777589,j. torrey bot. soc.
7401777589,proc spie int soc opt eng
7401777589,diversity distrib.
7401777589,urban ecosyst.
7401777589,horm. behav.
7401777589,ecosyst. serv.
7401777589,philos. trans. r. soc. b biol. sci.
7401777589,bmc evol. biol.
7401777589,phytopathology
7401777589,zootaxa
7401777589,front. mar. sci.
7401777589,gcb bioenergy
7401777589,rev. palaeobot. palynol.
7401777589,palaeogeogr. palaeoclimatol. palaeoecol.
7401777589,anal. chem.
7401777589,land degrad. dev.
7005315418,frontiers ecol. envir.
7005315418,j. avian biol.
7005315418,j. exp. mar. biol. ecol.
7005315418,plos one
7005315418,biodiversity conserv.
7005315418,ann. app. biol.
7005315418,ecol. res.
7005315418,j. north am. benthological soc.
7005315418,ecotoxicol. environ. saf.
7005315418,j. am. water resour. assoc.
7005315418,basic appl. ecol.
7005315418,sci. rep.
7005315418,j. bacteriol.
7005315418,j. biol. chem.
7005315418,clim. change
7005315418,philos. trans. r. soc. a math. phys. eng. sci.
7005315418,northeast. nat.
7005315418,bull. am. meteorol. soc.
7005315418,coral reefs
7005315418,j. nat. conserv.
7005315418,bird conserv. int.
7005315418,environ. biol. fishes
7005315418,j. therm. biol.
7005315418,environ. sci. pollut. res.
7005315418,chemoecology
7005315418,rev. fish biol. fish.
7005315418,sci. data
7005315418,geology
7005315418,clim. res.
7005315418,stud. neotrop. fauna environ.
7005315418,wildl. biol.
16232419300,ecology
16232419300,zoology
16232419300,appl. anim. behav. sci.
16232419300,chin. sci. bull.
16232419300,j. appl. ecol.
16232419300,oryx
16232419300,mari. mamm. sci.
16232419300,fisheries
16232419300,new zealand j. mar. freshw. res.
16232419300,j. north am. benthological soc.
16232419300,aquatic bot.
16232419300,biogeochemistry
16232419300,plant ecol.
16232419300,water res.
16232419300,j. veg. sci.
16232419300,water air soil pollut
16232419300,am. j. bot.
16232419300,arctic antarct. alp. res.
16232419300,j. biogeogr.
16232419300,aust. j. bot.
16232419300,j. nat. conserv.
16232419300,apidologie
16232419300,bmc evol. biol.
16232419300,appl. soil ecol.
16232419300,rev. fish biol. fish.
16232419300,mol. ecol. resour.
16232419300,geochim. cosmochim. acta
16232419300,wildl. biol.
16232419300,soil use manage.
7102240152,condor
7102240152,j. zool.
7102240152,peerj
7102240152,biodiversity conserv.
7102240152,estuar. coasts
7102240152,biogeochemistry
7102240152,bull. mar. sci.
7102240152,j. therm. biol.
7102240152,mol. ecol. notes
7102240152,zookeys
7102240152,genome biol.
7102240152,genome res.
7102240152,plant. signal. behav.
7102240152,new zealand j. ecol.
7102240152,j. limnol.
7404370317,j. ornithol.
7404370317,mar. biol.
7404370317,conserv. genet.
7404370317,appl. anim. behav. sci.
7404370317,insect conserv. diversity
7404370317,j. mammal.
7404370317,biogeosciences
7404370317,j. am. water resour. assoc.
7404370317,curr. opin. environ. sustainability
7404370317,ecohydrology
7404370317,ecosystems
7404370317,perspect. plant ecol. evol. syst.
7404370317,sci. mar.
7404370317,ann. rev. ecol. evol. syst.
7404370317,j. torrey bot. soc.
7404370317,parasitology
7404370317,soc. nat. res.
7404370317,ann. new york acad. sci.
7404370317,j. insect sci.
7404370317,j. shellfish res.
7404370317,prog. oceanogr.
7404370317,quat. int.
7404370317,biol. fertil. soils
7404370317,trends plant sci.
7404370317,ecol. restor.
7404370317,environ. microbiol.
7404370317,harmful algae
7404370317,geology
7404370317,evol. biol.
7404370317,j. nat. hist.
7404370317,ethol. ecol. evol.
7404370317,j. limnol.
7404370317,j. for. res.
7404370317,mycol. res.
16643427500,comp. biochem. physiol. a mol. integr. physiol.
16643427500,condor
16643427500,frontiers ecol. envir.
16643427500,ann. app. biol.
16643427500,j. insect conserv.
16643427500,mari. mamm. sci.
16643427500,emu
16643427500,popul. ecol.
16643427500,freshw. biol.
16643427500,j. phycol.
16643427500,aquatic bot.
16643427500,restor. ecol.
16643427500,global biogeochem. cycles
16643427500,new phytol.
16643427500,isme j.
16643427500,j. mol. evol.
16643427500,plos comput. biol.
16643427500,ann. new york acad. sci.
16643427500,j. arid environ.
16643427500,bird conserv. int.
16643427500,environ. model. softw.
16643427500,zookeys
16643427500,mar. freshw. res.
16643427500,quat. res. (usa)
16643427500,nord. j. bot.
16643427500,stud. neotrop. fauna environ.
16643427500,fish. bull.
16643427500,paleobiology
16643427500,c. r. biol.
16643427500,j. quat. sci.
7004596144,behav. ecol.
7004596144,conserv. biol.
7004596144,mar. ornithol.
7004596144,plos one
7004596144,proc. r. soc. b biol. sci.
7004596144,ecography
7004596144,ecology and evolution
7004596144,can. j. fish. aquatic sci.
7004596144,can. j. fish. aquat. sci.
7004596144,biogeosciences
7004596144,environ. monit. assess.
7004596144,j. am. water resour. assoc.
7004596144,for. ecol. manage.
7004596144,j chem ecol
7004596144,coral reefs
7004596144,plant cell environ.
7004596144,glob. ecol. conserv.
7004596144,philos. trans. r. soc. b biol. sci.
7004596144,j. econ. entomol.
7004596144,phytopathology
7004596144,genome res.
7004596144,chin. j. appl. ecol.
7004596144,photosynthetica
7004596144,herpetol. j.
7004596144,herpetol. rev.
7004596144,deep-sea res. part i oceanogr. res. pap.
7004596144,ecol appl
12809242700,sci. total environ.
12809242700,eur. j. phycol.
12809242700,aquat. toxicol.
12809242700,proc. natl. acad. sci. u. s. a.
12809242700,new phytol.
12809242700,agric. for. entomol.
12809242700,bmc ecol.
12809242700,mol. ecol. resour.
12809242700,eur. j. soil biol.
12809242700,aob plants
12809242700,j. sea res.
12809242700,remote sens.
12809242700,aquatic microb. ecol.
26429733600,j. exp. mar. biol. ecol.
26429733600,j. molluscan stud.
26429733600,methods ecol. evol.
26429733600,conserv. genet.
26429733600,mol. ecol.
26429733600,aust. j. zool.
26429733600,aquatic toxicol.
26429733600,j. veg. sci.
26429733600,ecol. soc.
26429733600,phys. rev. e stat. nonlinear soft matter phys.
26429733600,plos. negl. trop. dis.
26429733600,ambio
26429733600,arctic antarct. alp. res.
26429733600,reg. environ. change
26429733600,herpetologica
26429733600,acta chiropterologica
26429733600,biol. rev.
26429733600,exp. appl. acarol.
26429733600,biotropica
26429733600,freshwater sci.
26429733600,dig int geosci remote sens symp (igarss)
26429733600,fems microbiol. lett.
26429733600,phytochemistry
26429733600,trends plant sci.
26429733600,water
26429733600,j. quat. sci.
26429733600,land degrad. dev.
26429733600,mycol. res.
7003876008,funct. ecol.
7003876008,j. ornithol.
7003876008,mol. ecol.
7003876008,insect conserv. diversity
7003876008,j. environ. manage.
7003876008,oecologia
7003876008,nat. ecol. evol.
7003876008,j. virol.
7003876008,agric. for. meterol.
7003876008,arctic antarct. alp. res.
7003876008,crustaceana
7003876008,eos
7003876008,global environ. change
7003876008,j chem ecol
7003876008,proc spie int soc opt eng
7003876008,biocontrol
7003876008,usda for. serv. gen. tech. rep. pnw gtr
7003876008,palaeogeogr. palaeoclimatol. palaeoecol.
7003876008,shengtai xuebao acta ecol. sin.
7003876008,environ. microbiol.
7003876008,j. hered.
7003876008,front. zool.
7004498228,j. zool.
7004498228,mar. ornithol.
7004498228,mol. phylogenet. evol.
7004498228,water resour. res.
7004498228,j. am. water resour. assoc.
7004498228,water res.
7004498228,ecosystems
7004498228,int. j. appl. earth obs. geoinformation
7004498228,j. theor. biol.
7004498228,clim. dyn.
7004498228,proc spie int soc opt eng
7004498228,int. j. wildland fire
7004498228,genome res.
7004498228,adv. exp. med. biol.
7004498228,clim. past
7004498228,phytochemistry
7004498228,plant physiol.
7004498228,eur. j. soil biol.
7004498228,copeia
7004498228,clim. res.
7004498228,rangelands
7004498228,wilson bull.
7004498228,antarct. sci.
6602185631,condor
6602185631,science
6602185631,aust. j. zool.
6602185631,integr. comp. biol.
6602185631,mol. phylogenet. evol.
6602185631,arch. hydrobiol.
6602185631,annu. rev. environ. resour.
6602185631,j. geophys. res. d atmos.
6602185631,j. veg. sci.
6602185631,phys. rev. e stat. nonlinear soft matter phys.
6602185631,j chem ecol
6602185631,j. clim.
6602185631,parasitology
6602185631,field crops res.
6602185631,acta chiropterologica
6602185631,landsc. urban plann.
6602185631,crop prot.
6602185631,adv. exp. med. biol.
6602185631,conserv. gen. res.
6602185631,limnol. oceanogr. methods
6602185631,plant j.
6602185631,j. exp. zool. part a ecol. genet. physiol.
6602185631,evol. dev.
26429258500,ecol. monogr.
26429258500,conserv. lett.
26429258500,ecol. appl.
26429258500,j. north am. benthological soc.
26429258500,wetlands
26429258500,plant ecol.
26429258500,water resour. res.
26429258500,epidemiol. infect.
26429258500,lancet
26429258500,ann. rev. ecol. syst.
26429258500,curr. biol.
26429258500,aust. j. bot.
26429258500,environ. conserv.
26429258500,soc. nat. res.
26429258500,geomorphology
26429258500,j. therm. biol.
26429258500,sociobiology
26429258500,j. comp. physiol. a neuroethol. sens. neural. behav. physiol.
26429258500,dig int geosci remote sens symp (igarss)
26429258500,gcb bioenergy
26429258500,holocene
26429258500,environ. microbiol.
26429258500,q. rev. biol.
26429258500,antarct. sci.
26429258500,new for.
26429258500,ncasi tech bull
16029035000,elife
16029035000,fish. res.
16029035000,j. mar. syst.
16029035000,j. r. soc. interface
16029035000,nat. commun.
16029035000,peerj
16029035000,science
16029035000,zoo biol.
16029035000,j. insect conserv.
16029035000,ecology and evolution
16029035000,ecol. complex.
16029035000,limnol. oceanogr.
16029035000,wetlands
16029035000,environ. monit. assess.
16029035000,j. soils sed.
16029035000,aquat. toxicol.
16029035000,plos. negl. trop. dis.
16029035000,ann. bot.
16029035000,global environ. change
16029035000,physiol. plant.
16029035000,trees struct. funct.
16029035000,j. nat. conserv.
16029035000,anim. cogn.
16029035000,sociobiology
16029035000,environ. model. softw.
16029035000,quat. int.
16029035000,can. j. bot.
16029035000,aob plants
16029035000,fungal ecol.
16029035000,copeia
14058476900,j. exp. mar. biol. ecol.
14058476900,ecology and evolution
14058476900,mol. phylogenet. evol.
14058476900,environmetrics
14058476900,photogramm. eng. remote sens.
14058476900,ecotoxicology
14058476900,ices j. mar. sci.
14058476900,int. j. remote sens.
14058476900,ecohydrology
14058476900,ann. bot.
14058476900,global environ. change
14058476900,proc. biol. sci.
14058476900,vegetatio
14058476900,j. arid environ.
14058476900,bird conserv. int.
14058476900,pol. j. ecol.
14058476900,nature plants
14058476900,front. mar. sci.
14058476900,rev. chil. hist. nat.
14058476900,rev. fish biol. fish.
14058476900,j. paleolimnol.
14058476900,trends plant sci.
14058476900,water
14058476900,west. north am. nat.
14058476900,bioessays
14058476900,deep-sea res. part i oceanogr. res. pap.
14058476900,southeast. nat.
14058476900,j. for. res.
14058476900,ncasi tech bull
14052860500,ecol. lett.
14052860500,j. avian biol.
14052860500,mol. ecol.
14052860500,j. environ. qual.
14052860500,j. soils sed.
14052860500,soil sci. soc. am. j.
14052860500,photogramm. eng. remote sens.
14052860500,j. hydrol.
14052860500,nat. geosci.
14052860500,agric. for. meterol.
14052860500,adv. ecol. res.
14052860500,proc. biol. sci.
14052860500,herpetologica
14052860500,biol. control
14052860500,pol. j. ecol.
14052860500,j. invertebr. pathol.
14052860500,biochem. syst. ecol.
14052860500,quat. int.
14052860500,j. geophys. res. c oceans
14052860500,ocean coast. manage.
14052860500,gcb bioenergy
14052860500,j. for.
14052860500,methods mol. biol.
14052860500,amphib. reptilia
14052860500,j. exp. zool.
14052860500,appl. geogr.
14052860500,southeast. nat.
14052860500,j. limnol.
14052860500,environ rev
14052860500,land degrad. dev.
14052860500,infec. genet. evol.
6504814349,mar. pollut. bull.
6504814349,oikos
6504814349,science
6504814349,ursus
6504814349,emu
6504814349,biogeosciences
6504814349,restor. ecol.
6504814349,ecol. model.
6504814349,water res.
6504814349,basic appl. ecol.
6504814349,for. ecol. manage.
6504814349,chemosphere
6504814349,bull. am. meteorol. soc.
6504814349,aust. j. ecol.
6504814349,vegetatio
6504814349,environ. biol. fishes
6504814349,behaviour
6504814349,isr. j. ecol. evolution
6504814349,j. ethol.
6504814349,verh. ges. okol.
6504814349,rev. fish biol. fish.
6504814349,remote sens. environ.
6504814349,hydrol. processes
6504814349,aob plants
6504814349,fungal ecol.
6504814349,q. rev. biol.
6504814349,j. plankton res.
6504814349,biol. rev. camb. philos. soc.
6504814349,paleobiology
23493976400,endanger. species res.
23493976400,ibis
23493976400,j. exp. mar. biol. ecol.
23493976400,mari. mamm. sci.
23493976400,arch. environ. contam. toxicol.
23493976400,can. field-nat.
23493976400,restor. ecol.
23493976400,aquat. toxicol.
23493976400,global ecol. biogeogr.
23493976400,global biogeochem. cycles
23493976400,genome biolog. evol.
23493976400,ann. rev. ecol. evol. syst.
23493976400,chemosphere
23493976400,global environ. change
23493976400,int. j. plant sci.
23493976400,pac. conserv. biol.
23493976400,j. insect sci.
23493976400,plant biosyst.
23493976400,acta hortic.
23493976400,bmc evol. biol.
23493976400,chemoecology
23493976400,adv. exp. med. biol.
23493976400,wilson j. ornithol.
23493976400,hydrol. processes
23493976400,usda for. serv. gen. tech. rep. pnw gtr
23493976400,biol. fertil. soils
23493976400,env. microbiol. rep.
23493976400,photosynthetica
23493976400,clim. res.
23493976400,rangelands
23493976400,wilson bull.
23493976400,soil use manage.
9738208200,biol. conserv.
9738208200,fish. res.
9738208200,polar biol.
9738208200,vet. rec.
9738208200,agric. syst.
9738208200,limnol. oceanogr.
9738208200,photogramm. eng. remote sens.
9738208200,geoscientific model dev.
9738208200,field crops res.
9738208200,bird conserv. int.
9738208200,verh. ges. okol.
9738208200,j. chem. ecol.
9738208200,zootaxa
9738208200,j. paleolimnol.
9738208200,quat. res. (usa)
9738208200,rev. palaeobot. palynol.
9738208200,bioessays
9738208200,clim. res.
9738208200,evol. dev.
9738208200,j. plankton res.
9738208200,estuaries
9738208200,j. coast. res.
9738208200,heredity
9738208200,c. r. biol.
9738208200,int. j. climatol.
6602884936,can. j. zool.
6602884936,comp. biochem. physiol. a mol. integr. physiol.
6602884936,methods ecol. evol.
6602884936,nature
6602884936,peerj
6602884936,j. wildl. dis.
6602884936,ecography
6602884936,oecologia
6602884936,ecol. appl.
6602884936,wetlands
6602884936,ecotoxicol. environ. saf.
6602884936,environ. toxicol. chem.
6602884936,theor. popul. biol.
6602884936,j. geophys. res. d atmos.
6602884936,epidemiol. infect.
6602884936,j. math. biol.
6602884936,ann. rev. ecol. evol. syst.
6602884936,northeast. nat.
6602884936,geoscientific model dev.
6602884936,int. j. parasitol.
6602884936,curr. opin. insect sci.
6602884936,ecosyst. serv.
6602884936,crop prot.
6602884936,int. j. pest manage.
6602884936,rev. fish biol. fish.
6602884936,conserv. gen. res.
6602884936,ann. forest sci.
6602884936,methods mol. biol.
6602884936,plant physiol.
6602884936,environ. microbiol.
6602884936,harmful algae
6602884936,genet. res.
6602884936,ecol appl
7004114191,anim. behav.
7004114191,frontiers ecol. envir.
7004114191,zoology
7004114191,integr. zool.
7004114191,soil biol. biochem.
7004114191,wildl. res.
7004114191,j. phycol.
7004114191,forests
7004114191,j. plant ecol.
7004114191,nat. ecol. evol.
7004114191,environ.res.lett.
7004114191,ann. bot.
7004114191,int. j. plant sci.
7004114191,land use policy
7004114191,ann. new york acad. sci.
7004114191,water air soil pollut.
7004114191,appl. veg. sci.
7004114191,physiol.entomol.
7004114191,funct. plant biol.
7004114191,methods mol. biol.
7004114191,plant ecol. diversity
7004114191,amphib. reptilia
7004114191,evol. dev.
7004114191,j. exp. zool.
7004114191,ethol. ecol. evol.
7004114191,j. hered.
7004114191,evol. appl.
7004114191,prog. phys. geogr.
7004114191,aquatic microb. ecol.
7101627085,deep-sea res. part ii top. stud. oceanogr.
7101627085,fish. res.
7101627085,j. exp. mar. biol. ecol.
7101627085,j. molluscan stud.
7101627085,mar. ornithol.
7101627085,j. parasitol.
7101627085,ecol. res.
7101627085,environmetrics
7101627085,forests
7101627085,proc spie int soc opt eng
7101627085,biometrics
7101627085,vegetatio
7101627085,ecosyst. serv.
7101627085,front. plant sci.
7101627085,dis. aquatic org.
7101627085,j. geophys. res. c oceans
7101627085,mar. policy
7101627085,evolution
7101627085,j. paleolimnol.
7101627085,atmos. environ.
7101627085,methods mol. biol.
7101627085,trends plant sci.
7101627085,shengtai xuebao acta ecol. sin.
7101627085,aob plants
7101627085,q. rev. biol.
7101627085,paleobiology
7101627085,wilson bull.
7101627085,j. for. res.
7101627085,soil use manage.
7101627085,mycol. res.
8501786500,elife
8501786500,j. r. soc. interface
8501786500,peerj
8501786500,ecology and evolution
8501786500,mari. mamm. sci.
8501786500,estuar. coasts
8501786500,soil sci. soc. am. j.
8501786500,annu. rev. environ. resour.
8501786500,forests
8501786500,j. plant ecol.
8501786500,sci. rep.
8501786500,tree physiol.
8501786500,chemosphere
8501786500,j. clim.
8501786500,physiol. plant.
8501786500,j. therm. biol.
8501786500,physiol. behav.
8501786500,bot. mar.
8501786500,sustainability
8501786500,plant j.
8501786500,eur. j. soil biol.
8501786500,anal. chem.
8501786500,deep-sea res. part i oceanogr. res. pap.
8501786500,aquatic ecol.
8501786500,"philos. trans. r. soc. lond., b, biol. sci."
8501786500,prog. phys. geogr.
8501786500,genet. res.
8501786500,j. limnol.
7003449708,anim. behav.
7003449708,behav ecol sociobiol
7003449708,fish. res.
7003449708,ibis
7003449708,j. exp. mar. biol. ecol.
7003449708,polar biol.
7003449708,mammalia
7003449708,new zealand j. mar. freshw. res.
7003449708,microb. ecol.
7003449708,arch. hydrobiol.
7003449708,nat. geosci.
7003449708,environ. sci. policy
7003449708,curr. biol.
7003449708,coral reefs
7003449708,environ. conserv.
7003449708,physiol. behav.
7003449708,insectes sociaux
7003449708,genome biol.
7003449708,quat. int.
7003449708,limnol. oceanogr. methods
7003449708,shengtai xuebao acta ecol. sin.
7003449708,geology
7003449708,appl. geochem.
7003449708,for. policy econ.
6508052011,vet. rec.
6508052011,agric. ecosyst. environ.
6508052011,agric. syst.
6508052011,j. insect conserv.
6508052011,mammalia
6508052011,biol. j. linn. soc.
6508052011,integr. comp. biol.
6508052011,arch. hydrobiol.
6508052011,ecol. eng.
6508052011,j. environ. qual.
6508052011,soil sci.
6508052011,j. bacteriol.
6508052011,environ. sci. policy
6508052011,evol. ecol.
6508052011,aust. j. ecol.
6508052011,curr. opin. insect sci.
6508052011,apidologie
6508052011,j. comp. physiol. a neuroethol. sens. neural. behav. physiol.
6508052011,plant biol.
6508052011,mar. environ. res.
6508052011,oceanogr.
6508052011,clim. past
6508052011,lect. notes comput. sci.
6508052011,j. for.
6508052011,j. agric. food chem.
6508052011,chinese j. ecol.
6508052011,prog. phys. geogr.
6508052011,remote sens.
6508052011,c. r. biol.
6508052011,aquatic microb. ecol.
7003860068,ardea
7003860068,j. r. soc. interface
7003860068,mar. ecol. prog. ser.
7003860068,wildl. soc. bull.
7003860068,agric. ecosyst. environ.
7003860068,ursus
7003860068,can. field-nat.
7003860068,environmetrics
7003860068,environ. monit. assess.
7003860068,water resour. res.
7003860068,ecol. model.
7003860068,proc. natl. acad. sci. u. s. a.
7003860068,theor. ecol.
7003860068,mol. biol. evol.
7003860068,geoscientific model dev.
7003860068,austral ecol.
7003860068,ecol. manage. restor.
7003860068,herpetologica
7003860068,eur. j. entomol.
7003860068,biol. bull.
7003860068,dis. aquatic org.
7003860068,genome res.
7003860068,adv. exp. med. biol.
7003860068,oceanogr.
7003860068,evolution
7003860068,clim. past
7003860068,for. chron.
7003860068,plant dis.
7003860068,plant j.
7003860068,aob plants
7003860068,catena
7003860068,j. nat. hist.
7003860068,nat. rev. microbiol.
6701631227,behav. ecol.
6701631227,elife
6701631227,j. mar. biol. assoc. u.k.
6701631227,physiol. biochem. zool.
6701631227,ecosphere
6701631227,new zealand j. mar. freshw. res.
6701631227,j. environ. qual.
6701631227,soil sci.
6701631227,ecol. model.
6701631227,aquatic toxicol.
6701631227,j. am. water resour. assoc.
6701631227,j. geophys. res. d atmos.
6701631227,theor. ecol.
6701631227,ambio
6701631227,trees struct. funct.
6701631227,landsc. urban plann.
6701631227,bull. mar. sci.
6701631227,adv. exp. med. biol.
6701631227,env. microbiol. rep.
6701631227,catena
6701631227,herpetol. rev.
6701631227,mycol. res.
8383819800,am. nat.
8383819800,aqua. biol.
8383819800,conserv. biol.
8383819800,funct. ecol.
8383819800,j. anim. ecol.
8383819800,j. zool.
8383819800,zoology
8383819800,j. wildl. manage.
8383819800,mol. phylogenet. evol.
8383819800,biogeochemistry
8383819800,ices j. mar. sci.
8383819800,int. j. appl. earth obs. geoinformation
8383819800,bmc bioinform.
8383819800,j. virol.
8383819800,adv. ecol. res.
8383819800,global planet. change
8383819800,acta chiropterologica
8383819800,glob. ecol. conserv.
8383819800,insectes sociaux
8383819800,j. ethol.
8383819800,plant biol.
8383819800,aquaculture
8383819800,mar. policy
8383819800,mol. ecol. resour.
8383819800,pac. sci.
8383819800,j. geophys. res. biogeosci.
8383819800,rev. palaeobot. palynol.
8383819800,chem. geol.
8383819800,syst. biol.
8383819800,eur. j. wildl. res.
8383819800,rangelands
8383819800,for. policy econ.
8383819800,soil use manage.
7006033394,elife
7006033394,physiol. biochem. zool.
7006033394,wildl. soc. bull.
7006033394,mari. mamm. sci.
7006033394,appl. environ. microbiol.
7006033394,for. ecol. manage.
7006033394,j. plant ecol.
7006033394,j. math. biol.
7006033394,arctic antarct. alp. res.
7006033394,global environ. change
7006033394,j. exp. bot.
7006033394,philos. trans. r. soc. a math. phys. eng. sci.
7006033394,ecosyst. serv.
7006033394,int. j. pest manage.
7006033394,zookeys
7006033394,freshwater sci.
7006033394,zootaxa
7006033394,am. midl. nat.
7006033394,geochim. cosmochim. acta
7006033394,palaeogeogr. palaeoclimatol. palaeoecol.
7006033394,plant j.
7006033394,bioessays
7006033394,new for.
7006033394,soil use manage.
7006033394,ncasi tech bull
7005589178,mar. pollut. bull.
7005589178,nat. commun.
7005589178,j. insect conserv.
7005589178,ecology and evolution
7005589178,sci. total environ.
7005589178,estuar. coasts
7005589178,ecol. model.
7005589178,north am. j. fish. manage.
7005589178,j. veg. sci.
7005589178,theor. ecol.
7005589178,environ.res.lett.
7005589178,physiol. plant.
7005589178,planta
7005589178,quat. sci. rev.
7005589178,pac. conserv. biol.
7005589178,j. econ. entomol.
7005589178,sci. data
7005589178,pac. sci.
7005589178,auk
7005589178,j. paleolimnol.
7005589178,chinese j. ecol.
7005589178,photosynthetica
7005589178,plant ecol. diversity
7005589178,rangeland ecol. manage.
7005589178,j. morphol.
7005589178,stud. neotrop. fauna environ.
7005589178,eur. j. wildl. res.
7005589178,ieee j. sel. top. appl. earth obs. remote sens.
7005589178,southeast. nat.
7005589178,antarct. sci.
35554794700,agric. ecosyst. environ.
35554794700,arctic
35554794700,environ. pollut.
35554794700,arch. environ. contam. toxicol.
35554794700,plos genet.
35554794700,soil sci.
35554794700,water resour. res.
35554794700,theor. popul. biol.
35554794700,nat. ecol. evol.
35554794700,new phytol.
35554794700,plant soil
35554794700,for. sci.
35554794700,ann. rev. ecol. evol. syst.
35554794700,j. nat. conserv.
35554794700,j. arid environ.
35554794700,chemoecology
35554794700,mol. ecol. resour.
35554794700,geochim. cosmochim. acta
35554794700,plant. signal. behav.
35554794700,fungal ecol.
35554794700,amphib. reptilia
35554794700,evol. biol.
35554794700,nat. rev. microbiol.
35554794700,antarct. sci.
35554794700,j. quat. sci.
35554794700,soil use manage.
23469352000,anim. behav.
23469352000,j. r. soc. interface
23469352000,plos one
23469352000,appl. anim. behav. sci.
23469352000,new zealand j. mar. freshw. res.
23469352000,environ. manage.
23469352000,plant ecol.
23469352000,photogramm. eng. remote sens.
23469352000,north am. j. fish. manage.
23469352000,int. j. remote sens.
23469352000,tree physiol.
23469352000,j. bacteriol.
23469352000,ecoscience
23469352000,proc spie int soc opt eng
23469352000,field crops res.
23469352000,landsc. urban plann.
23469352000,horm. behav.
23469352000,crop prot.
23469352000,int. j. pest manage.
23469352000,bmc evol. biol.
23469352000,bmc ecol.
23469352000,physiol.entomol.
23469352000,j. chem. ecol.
23469352000,oceanogr.
23469352000,conserv. gen. res.
23469352000,auk
23469352000,j. agric. food chem.
23469352000,evol. dev.
23469352000,j. sea res.
23469352000,j. exp. zool.
23469352000,appl. geogr.
23469352000,environ rev
23469352000,mycol. res.
23469352000,infec. genet. evol.
7004135095,behav ecol sociobiol
7004135095,comp. biochem. physiol. a mol. integr. physiol.
7004135095,funct. ecol.
7004135095,mar. ornithol.
7004135095,science
7004135095,chin. sci. bull.
7004135095,oryx
7004135095,environ. ecol. stat.
7004135095,ecol. eng.
7004135095,plant ecol.
7004135095,ecotoxicol. environ. saf.
7004135095,environ. toxicol. chem.
7004135095,basic appl. ecol.
7004135095,bull. math. biol.
7004135095,sci. mar.
7004135095,j. biogeogr.
7004135095,physiol. plant.
7004135095,reg. environ. change
7004135095,parasitology
7004135095,herpetologica
7004135095,soc. nat. res.
7004135095,gen. comp. endocrinol.
7004135095,geomorphology
7004135095,j. insect sci.
7004135095,crop prot.
7004135095,parasitol. res.
7004135095,physiol.entomol.
7004135095,biotropica
7004135095,aquatic conserv. mar. freshw. ecosyst.
7004135095,cont. shelf res.
7004135095,weed sci.
7004135095,catena
7004135095,j. plankton res.
7004135095,mar. ecol.
7004135095,evol. appl.
7004135095,mamm. biol.
7004135095,appl. geochem.
7004135095,soil use manage.
6506980699,mar. pollut. bull.
6506980699,zoo biol.
6506980699,conserv. genet.
6506980699,j. parasitol.
6506980699,mari. mamm. sci.
6506980699,biogeosciences
6506980699,ecol. eng.
6506980699,j. soils sed.
6506980699,ecohydrology
6506980699,bull. math. biol.
6506980699,evol. ecol. res.
6506980699,isme j.
6506980699,adv. ecol. res.
6506980699,j. clim.
6506980699,landsc. urban plann.
6506980699,agric. for. entomol.
6506980699,pol. j. ecol.
6506980699,nature plants
6506980699,rev. chil. hist. nat.
6506980699,oceanogr.
6506980699,acta oecol.
6506980699,curr. zool.
6506980699,biol. rev. camb. philos. soc.
6506980699,j. nat. hist.
6506980699,j. coast. res.
6506980699,j. herpetol.
6506980699,heredity
6506980699,front. zool.
7003575139,j. r. soc. interface
7003575139,integr. zool.
7003575139,arctic
7003575139,j. mammal.
7003575139,can. j. fish. aquatic sci.
7003575139,can. field-nat.
7003575139,j. north am. benthological soc.
7003575139,eur. j. soil sci.
7003575139,j. soils sed.
7003575139,front. microbiol.
7003575139,nat. clim. change
7003575139,arctic antarct. alp. res.
7003575139,j chem ecol
7003575139,evol. ecol.
7003575139,glob chang biol
7003575139,appl. veg. sci.
7003575139,acta hortic.
7003575139,physiol.entomol.
7003575139,agrofor. syst.
7003575139,dis. aquatic org.
7003575139,mbio
7003575139,prog. oceanogr.
7003575139,ocean coast. manage.
7003575139,j. paleolimnol.
7003575139,palaeogeogr. palaeoclimatol. palaeoecol.
7003575139,evol. dev.
7003575139,appl. geogr.
7003575139,wilson bull.
7003575139,environ rev
7003575139,j. for. res.
6602070699,j. anim. ecol.
6602070699,j. exp. mar. biol. ecol.
6602070699,science
6602070699,can. j. fish. aquatic sci.
6602070699,j. comp. physiol. b biochem. syst. environ. physiol.
6602070699,wetlands ecol. manage.
6602070699,biogeosciences
6602070699,can. j. for. res.
6602070699,ecosystems
6602070699,new phytol.
6602070699,epidemiol. infect.
6602070699,for. sci.
6602070699,plos. negl. trop. dis.
6602070699,adv. ecol. res.
6602070699,aust. j. bot.
6602070699,int. j. wildland fire
6602070699,gen. comp. endocrinol.
6602070699,genome biol.
6602070699,conserv. gen. res.
6602070699,fish fish.
6602070699,ocean coast. manage.
6602070699,rev. palaeobot. palynol.
6602070699,ann. forest sci.
6602070699,j. for.
6602070699,sustainability
6602070699,acta oecol.
6602070699,shengtai xuebao acta ecol. sin.
6602070699,j. exp. zool. part a ecol. genet. physiol.
6602070699,bull. environ. contam. toxicol.
6602070699,j. nat. hist.
6602070699,fish. bull.
6602070699,paleobiology
6602070699,antarct. sci.
35354658400,anim. behav.
35354658400,oryx
35354658400,can. j. fish. aquatic sci.
35354658400,ecol. soc.
35354658400,adv. ecol. res.
35354658400,ann. rev. ecol. evol. syst.
35354658400,parasitology
35354658400,ecol. entomol.
35354658400,bot.
35354658400,mol. ecol. notes
35354658400,nature plants
35354658400,zookeys
35354658400,plant j.
35354658400,chin. j. appl. ecol.
35354658400,bioessays
35354658400,aquatic ecol.
35354658400,infec. genet. evol.
6701373250,aqua. biol.
6701373250,soil biol. biochem.
6701373250,mol. phylogenet. evol.
6701373250,j. phycol.
6701373250,restor. ecol.
6701373250,proc. natl. acad. sci. u. s. a.
6701373250,trans. am. fish. soc.
6701373250,int. j. remote sens.
6701373250,ambio
6701373250,j. biogeogr.
6701373250,bull. mar. sci.
6701373250,exp. appl. acarol.
6701373250,physiol. behav.
6701373250,bmc evol. biol.
6701373250,appl. soil ecol.
6701373250,biol. bull.
6701373250,genome res.
6701373250,j. shellfish res.
6701373250,ocean coast. manage.
6701373250,am. midl. nat.
6701373250,j. trop. ecol.
6701373250,j. exp. zool. part a ecol. genet. physiol.
6701373250,evol. dev.
6701373250,bull. environ. contam. toxicol.
6701373250,fish. bull.
6701373250,wildl. biol.
6701373250,aquatic microb. ecol.
13002838000,biol. conserv.
13002838000,j. anim. ecol.
13002838000,oecologia
13002838000,can. field-nat.
13002838000,popul. ecol.
13002838000,appl. environ. microbiol.
13002838000,ecosystems
13002838000,nat. clim. change
13002838000,perspect. plant ecol. evol. syst.
13002838000,water air soil pollut
13002838000,j. bacteriol.
13002838000,j. biogeogr.
13002838000,planta
13002838000,proc. biol. sci.
13002838000,evol. ecol.
13002838000,acta chiropterologica
13002838000,ecol. econ.
13002838000,bot. mar.
13002838000,rev. fish biol. fish.
13002838000,sci. data
13002838000,dig int geosci remote sens symp (igarss)
13002838000,bmc plant biol.
13002838000,aquatic microb. ecol.
8607372200,comp. biochem. physiol. a mol. integr. physiol.
8607372200,ecol. monogr.
8607372200,endanger. species res.
8607372200,mar. biol.
8607372200,nat. commun.
8607372200,biodiversity conserv.
8607372200,soil biol. biochem.
8607372200,arctic
8607372200,bioscience
8607372200,microb. ecol.
8607372200,wetlands
8607372200,trans. am. fish. soc.
8607372200,j. ecol.
8607372200,plos biol.
8607372200,geophys. res. lett.
8607372200,proc. biol. sci.
8607372200,proc spie int soc opt eng
8607372200,acta chiropterologica
8607372200,geomorphology
8607372200,glob chang biol
8607372200,biol. bull.
8607372200,sci. data
8607372200,acta oecol.
8607372200,chinese j. ecol.
8607372200,j. hered.
8607372200,for. policy econ.
8607372200,front. zool.
7005253436,ecol. monogr.
7005253436,j. field ornithol.
7005253436,biodiversity conserv.
7005253436,environ. pollut.
7005253436,arch. environ. contam. toxicol.
7005253436,environ. sci. technol.
7005253436,plant ecol.
7005253436,evol. ecol. res.
7005253436,fems microbiol. ecol.
7005253436,water air soil pollut
7005253436,ecol. manage. restor.
7005253436,horm. behav.
7005253436,curr. opin. insect sci.
7005253436,int. j. pest manage.
7005253436,behaviour
7005253436,j. invertebr. pathol.
7005253436,chemoecology
7005253436,dis. aquatic org.
7005253436,pac. sci.
7005253436,j. trop. ecol.
7005253436,can. j. bot.
7005253436,bmc plant biol.
7005253436,methods mol. biol.
7005253436,j. exp. zool. part a ecol. genet. physiol.
7005253436,evol. dev.
7005253436,q. rev. biol.
7005253436,j. sea res.
7005253436,ethol. ecol. evol.
7005253436,eur. j. wildl. res.
7005253436,remote sens.
7005253436,appl. geochem.
7005253436,int. j. climatol.
7404544347,behav ecol sociobiol
7404544347,deep-sea res. part ii top. stud. oceanogr.
7404544347,nat. commun.
7404544347,j. appl. ecol.
7404544347,oryx
7404544347,environ. sci. technol.
7404544347,j. agric. biol. environ.
7404544347,wetlands
7404544347,water resour. res.
7404544347,j. hydrol.
7404544347,proc. natl. acad. sci. u. s. a.
7404544347,annu. rev. environ. resour.
7404544347,ecohydrology
7404544347,eur. j. for. res.
7404544347,j. veg. sci.
7404544347,plos biol.
7404544347,trends ecol. evol.
7404544347,ann. rev. ecol. syst.
7404544347,chemosphere
7404544347,reg. environ. change
7404544347,parasitology
7404544347,diversity distrib.
7404544347,pac. conserv. biol.
7404544347,physiol. behav.
7404544347,j. invertebr. pathol.
7404544347,j. comp. physiol. a neuroethol. sens. neural. behav. physiol.
7404544347,phytopathology
7404544347,j. shellfish res.
7404544347,holocene
7404544347,methods mol. biol.
7404544347,aob plants
7404544347,new for.
7103118606,biol. lett.
7103118606,ecol. lett.
7103118606,ecology
7103118606,mar. pollut. bull.
7103118606,wildl. soc. bull.
7103118606,ecology and evolution
7103118606,estuar. coasts
7103118606,wetlands ecol. manage.
7103118606,landsc. ecol.
7103118606,aquatic toxicol.
7103118606,j. soil water conserv.
7103118606,nat. ecol. evol.
7103118606,plos biol.
7103118606,agric. for. meterol.
7103118606,chemosphere
7103118606,polar res.
7103118606,proc. biol. sci.
7103118606,int. j. parasitol.
7103118606,pac. conserv. biol.
7103118606,soc. nat. res.
7103118606,agric. for. entomol.
7103118606,pol. j. ecol.
7103118606,zookeys
7103118606,am. midl. nat.
7103118606,harmful algae
7103118606,herpetol. j.
7103118606,deep-sea res. part i oceanogr. res. pap.
7103118606,evol. appl.
7103118606,j. limnol.
6603129971,ecol. monogr.
6603129971,ibis
6603129971,mar. biol.
6603129971,can. j. fish. aquat. sci.
6603129971,arch. hydrobiol.
6603129971,biogeochemistry
6603129971,global ecol. biogeogr.
6603129971,ecosystems
6603129971,bmc bioinform.
6603129971,isme j.
6603129971,int. j. plant sci.
6603129971,j chem ecol
6603129971,sociobiology
6603129971,nat. conserv.
6603129971,genome res.
6603129971,quat. int.
6603129971,gcb bioenergy
6603129971,for. chron.
6603129971,plant physiol.
6603129971,eur. j. soil biol.
6603129971,shengtai xuebao acta ecol. sin.
6603129971,j. sea res.
6603129971,stud. neotrop. fauna environ.
6603129971,eur. j. wildl. res.
6603129971,remote sens.
6603129971,for. policy econ.
6603129971,soil use manage.
6603129971,ecol appl
8543784100,conserv. biol.
8543784100,mar. ornithol.
8543784100,science
8543784100,vet. rec.
8543784100,zoo biol.
8543784100,mol. phylogenet. evol.
8543784100,soil sci.
8543784100,aquatic toxicol.
8543784100,eur. j. for. res.
8543784100,for. ecol. manage.
8543784100,global biogeochem. cycles
8543784100,j. veg. sci.
8543784100,plant soil
8543784100,for. sci.
8543784100,isme j.
8543784100,clim. dyn.
8543784100,iahs-aish publ.
8543784100,polar res.
8543784100,anim. conserv.
8543784100,bird conserv. int.
8543784100,taxon
8543784100,eur. j. entomol.
8543784100,isr. j. ecol. evolution
8543784100,j. invertebr. pathol.
8543784100,ann. forest sci.
8543784100,phytochemistry
8543784100,trends plant sci.
8543784100,amphib. reptilia
8543784100,q. rev. biol.
8543784100,aquatic ecol.
8543784100,paleobiology
8543784100,new zealand j. ecol.
8543784100,nat. rev. microbiol.
8543784100,mammal rev.
8543784100,mycol. res.
7102011602,ardea
7102011602,hydrobiologia
7102011602,j. exp. biol.
7102011602,mar. ornithol.
7102011602,oikos
7102011602,j. parasitol.
7102011602,j. wildl. dis.
7102011602,j. wildl. manage.
7102011602,mari. mamm. sci.
7102011602,fisheries
7102011602,can. field-nat.
7102011602,emu
7102011602,environ. sci. technol.
7102011602,plant ecol.
7102011602,int. j. appl. earth obs. geoinformation
7102011602,fems microbiol. ecol.
7102011602,j. theor. biol.
7102011602,bird conserv. int.
7102011602,ecol. entomol.
7102011602,philos. trans. r. soc. b biol. sci.
7102011602,taxon
7102011602,bmc evol. biol.
7102011602,bot. mar.
7102011602,sci. data
7102011602,biol. fertil. soils
7102011602,bmc plant biol.
7102011602,plant j.
7102011602,mar. ecol.
7102011602,rangelands
7102011602,appl. geochem.
7102011602,vet. parasitol.
55623943200,mar. ornithol.
55623943200,mar. pollut. bull.
55623943200,appl. anim. behav. sci.
55623943200,soil biol. biochem.
55623943200,ecology and evolution
55623943200,can. field-nat.
55623943200,plos genet.
55623943200,landsc. ecol.
55623943200,north am. j. fish. manage.
55623943200,int. j. remote sens.
55623943200,j. ecol.
55623943200,nat. geosci.
55623943200,phys. rev. e stat. nonlinear soft matter phys.
55623943200,plos biol.
55623943200,ann. rev. ecol. syst.
55623943200,j. clim.
55623943200,j. exp. bot.
55623943200,j. torrey bot. soc.
55623943200,bull. entomol. res.
55623943200,j. insect sci.
55623943200,biocontrol
55623943200,insect sci.
55623943200,bot. mar.
55623943200,cont. shelf res.
55623943200,wilson j. ornithol.
55623943200,sustainability
55623943200,photosynthetica
55623943200,plant ecol. diversity
55623943200,stud. neotrop. fauna environ.
55623943200,estuaries
55623943200,wilson bull.
55623943200,heredity
7102066667,behav. ecol.
7102066667,fish. res.
7102066667,j. exp. biol.
7102066667,j. zool.
7102066667,waterbirds
7102066667,j. wildl. manage.
7102066667,agric. syst.
7102066667,mammalia
7102066667,oryx
7102066667,environ. pollut.
7102066667,ecol. appl.
7102066667,plant ecol.
7102066667,perspect. plant ecol. evol. syst.
7102066667,tree physiol.
7102066667,math. biosci.
7102066667,bull. am. meteorol. soc.
7102066667,ecol. econ.
7102066667,glob chang biol
7102066667,bot.
7102066667,nature plants
7102066667,adv. exp. med. biol.
7102066667,dig int geosci remote sens symp (igarss)
7102066667,holocene
7102066667,chin. j. appl. ecol.
7102066667,eur. j. soil biol.
7102066667,copeia
7102066667,evol. dev.
7102066667,j. hered.
56302970100,biol. conserv.
56302970100,ibis
56302970100,science
56302970100,waterbirds
56302970100,zoology
56302970100,agric. syst.
56302970100,arch. environ. contam. toxicol.
56302970100,new zealand j. mar. freshw. res.
56302970100,appl. environ. microbiol.
56302970100,environmetrics
56302970100,restor. ecol.
56302970100,ecol. model.
56302970100,landsc. ecol.
56302970100,j. soil water conserv.
56302970100,proc. natl. acad. sci. u. s. a.
56302970100,bmc bioinform.
56302970100,bull. math. biol.
56302970100,isme j.
56302970100,mol. biol. evol.
56302970100,phys. rev. e stat. nonlinear soft matter phys.
56302970100,j. bacteriol.
56302970100,parasitology
56302970100,environ. biol. fishes
56302970100,anim. cogn.
56302970100,nat. conserv.
56302970100,mar. environ. res.
56302970100,am. midl. nat.
56302970100,can. j. bot.
56302970100,fems microbiol. lett.
56302970100,nord. j. bot.
56302970100,q. rev. biol.
56302970100,mar. ecol.
56302970100,environ rev
7201810208,behav. ecol.
7201810208,behav ecol sociobiol
7201810208,funct. ecol.
7201810208,j. anim. ecol.
7201810208,mov. ecol.
7201810208,physiol. biochem. zool.
7201810208,j. raptor res.
7201810208,appl. environ. microbiol.
7201810208,aquatic bot.
7201810208,environmetrics
7201810208,j. am. water resour. assoc.
7201810208,ecosystems
7201810208,sci. rep.
7201810208,ecol. soc.
7201810208,ann. bot.
7201810208,ecoscience
7201810208,j. biogeogr.
7201810208,planta
7201810208,j. torrey bot. soc.
7201810208,gen. comp. endocrinol.
7201810208,biol. bull.
7201810208,j. chem. ecol.
7201810208,phytopathology
7201810208,genome biol.
7201810208,zootaxa
7201810208,ecol. informatics
7201810208,mar. policy
7201810208,limnol. oceanogr. methods
7201810208,j. paleolimnol.
7201810208,lect. notes comput. sci.
7201810208,rev. palaeobot. palynol.
7201810208,northwest sci.
7201810208,plant ecol. diversity
7201810208,estuaries
7201810208,evol. appl.
6603110405,mar. biol.
6603110405,peerj
6603110405,vet. rec.
6603110405,j. raptor res.
6603110405,ursus
6603110405,ecol. model.
6603110405,global ecol. biogeogr.
6603110405,arctic antarct. alp. res.
6603110405,global environ. change
6603110405,northeast. nat.
6603110405,soc. nat. res.
6603110405,bird conserv. int.
6603110405,crop prot.
6603110405,biotropica
6603110405,mbio
6603110405,front. mar. sci.
6603110405,j. geophys. res. c oceans
6603110405,dig int geosci remote sens symp (igarss)
6603110405,for. chron.
6603110405,ann. forest sci.
6603110405,env. microbiol. rep.
6603110405,clim. res.
6603110405,environ rev
7007159965,ecol. eng.
7007159965,new phytol.
7007159965,theor. ecol.
7007159965,lancet
7007159965,am. j. bot.
7007159965,int. j. parasitol.
7007159965,glob. ecol. conserv.
7007159965,curr. opin. insect sci.
7007159965,ecosyst. serv.
7007159965,plant biosyst.
7007159965,insectes sociaux
7007159965,appl. soil ecol.
7007159965,biochem. syst. ecol.
7007159965,genome biol.
7007159965,zootaxa
7007159965,pac. sci.
7007159965,rangeland ecol. manage.
7007159965,tellus ser. b chem. phys. meteorol.
7003917307,behav. ecol.
7003917307,ecol. monogr.
7003917307,j. exp. biol.
7003917307,mar. pollut. bull.
7003917307,wildl. soc. bull.
7003917307,j. appl. ecol.
7003917307,behav. ecol. sociobiol.
7003917307,aquatic bot.
7003917307,ecol. eng.
7003917307,environ. manage.
7003917307,eur. j. soil sci.
7003917307,soil sci.
7003917307,aquatic toxicol.
7003917307,ices j. mar. sci.
7003917307,for. ecol. manage.
7003917307,sci. rep.
7003917307,theor. ecol.
7003917307,clim. change
7003917307,environ. entomol.
7003917307,crop prot.
7003917307,int. j. pest manage.
7003917307,eur. j. entomol.
7003917307,j. evol. biol.
7003917307,j. chem. ecol.
7003917307,front. mar. sci.
7003917307,rev. chil. hist. nat.
7003917307,j. geophys. res. c oceans
7003917307,gcb bioenergy
7003917307,j. agric. food chem.
7003917307,j. nat. hist.
7003917307,biomass bioenergy
7102102550,biol. conserv.
7102102550,j. r. soc. interface
7102102550,j. zool.
7102102550,mar. biol.
7102102550,mar. ornithol.
7102102550,oikos
7102102550,wetlands ecol. manage.
7102102550,eur. j. soil sci.
7102102550,photogramm. eng. remote sens.
7102102550,water res.
7102102550,nat. geosci.
7102102550,perspect. plant ecol. evol. syst.
7102102550,evol. ecol. res.
7102102550,for. sci.
7102102550,mol. biol. evol.
7102102550,environ.res.lett.
7102102550,vegetatio
7102102550,glob. ecol. conserv.
7102102550,urban ecosyst.
7102102550,agric. for. entomol.
7102102550,zookeys
7102102550,aquatic conserv. mar. freshw. ecosyst.
7102102550,mar. policy
7102102550,holocene
7102102550,palaeogeogr. palaeoclimatol. palaeoecol.
7102102550,biol. fertil. soils
7102102550,catena
7102102550,geology
7102102550,curr. zool.
7102102550,deep-sea res. part i oceanogr. res. pap.
7102102550,for. policy econ.
7101777512,j. anim. ecol.
7101777512,j. avian biol.
7101777512,wildl. soc. bull.
7101777512,ursus
7101777512,ecol. eng.
7101777512,environ. monit. assess.
7101777512,j. soils sed.
7101777512,biol. invasions
7101777512,front. microbiol.
7101777512,global biogeochem. cycles
7101777512,tree physiol.
7101777512,bmc genomics
7101777512,austral ecol.
7101777512,bull. entomol. res.
7101777512,diversity distrib.
7101777512,field crops res.
7101777512,plant biosyst.
7101777512,eur. j. entomol.
7101777512,environ. sci. pollut. res.
7101777512,lect. notes comput. sci.
7101777512,northwest sci.
7101777512,rangeland ecol. manage.
7101777512,bioessays
7101777512,herpetol. rev.
7101777512,bull. environ. contam. toxicol.
7101777512,rangelands
8964422900,ethology
8964422900,j. field ornithol.
8964422900,j. ornithol.
8964422900,j. wildl. manage.
8964422900,agric. syst.
8964422900,insect conserv. diversity
8964422900,j. insect conserv.
8964422900,j. agric. biol. environ.
8964422900,mol. phylogenet. evol.
8964422900,biogeochemistry
8964422900,ecol. eng.
8964422900,ecol. model.
8964422900,trans. am. fish. soc.
8964422900,global ecol. biogeogr.
8964422900,int. j. appl. earth obs. geoinformation
8964422900,sci. rep.
8964422900,adv. ecol. res.
8964422900,evol. ecol.
8964422900,parasitology
8964422900,environ. conserv.
8964422900,j. nat. conserv.
8964422900,agric. for. entomol.
8964422900,apidologie
8964422900,j. insect behav.
8964422900,agrofor. syst.
8964422900,quat. int.
8964422900,palaeogeogr. palaeoclimatol. palaeoecol.
8964422900,j. agric. food chem.
8964422900,acta oecol.
8964422900,j. morphol.
8964422900,bull. environ. contam. toxicol.
8964422900,j. nat. hist.
8964422900,"philos. trans. r. soc. lond., b, biol. sci."
8964422900,appl. geochem.
7402988175,aqua. biol.
7402988175,ethology
7402988175,mar. biol.
7402988175,nature
7402988175,polar biol.
7402988175,environ. pollut.
7402988175,biogeosciences
7402988175,water resour. res.
7402988175,bmc bioinform.
7402988175,environ.res.lett.
7402988175,ann. rev. ecol. syst.
7402988175,eos
7402988175,j. biogeogr.
7402988175,planta
7402988175,diversity distrib.
7402988175,bird conserv. int.
7402988175,plant biosyst.
7402988175,parasitol. res.
7402988175,j. invertebr. pathol.
7402988175,biochem. syst. ecol.
7402988175,j. morphol.
7402988175,estuaries
7402988175,j. coast. res.
7402988175,wilson bull.
7402988175,southeast. nat.
8667081700,biol. lett.
8667081700,ecol. monogr.
8667081700,j. exp. mar. biol. ecol.
8667081700,peerj
8667081700,conserv. genet.
8667081700,j. wildl. manage.
8667081700,j. appl. ecol.
8667081700,global change biol.
8667081700,integr. comp. biol.
8667081700,environ. monit. assess.
8667081700,sci. rep.
8667081700,bull. math. biol.
8667081700,j. mol. evol.
8667081700,j. torrey bot. soc.
8667081700,coral reefs
8667081700,land use policy
8667081700,entomol. exp. appl.
8667081700,insectes sociaux
8667081700,isr. j. ecol. evolution
8667081700,dis. aquatic org.
8667081700,mar. freshw. res.
8667081700,clim. past
8667081700,j. trop. ecol.
8667081700,j. for.
8667081700,evol. biol.
8667081700,j. exp. zool. part a ecol. genet. physiol.
8667081700,j. plankton res.
8667081700,rangelands
8667081700,wildl. biol.
8667081700,southeast. nat.
8667081700,genet. res.
8667081700,mamm. biol.
8667081700,ncasi tech bull
6603360932,behav ecol sociobiol
6603360932,can. j. zool.
6603360932,conserv. biol.
6603360932,endanger. species res.
6603360932,j. exp. biol.
6603360932,j. ornithol.
6603360932,insect conserv. diversity
6603360932,emu
6603360932,eur. j. phycol.
6603360932,environ. manage.
6603360932,restor. ecol.
6603360932,ecotoxicology
6603360932,north am. j. fish. manage.
6603360932,theor. popul. biol.
6603360932,forests
6603360932,nat. ecol. evol.
6603360932,lancet
6603360932,environ.res.lett.
6603360932,adv. ecol. res.
6603360932,j. clim.
6603360932,j. exp. bot.
6603360932,northeast. nat.
6603360932,int. j. wildland fire
6603360932,soc. nat. res.
6603360932,int. j. pest manage.
6603360932,taxon
6603360932,behaviour
6603360932,j. therm. biol.
6603360932,freshwater sci.
6603360932,bmc plant biol.
6603360932,plant j.
6603360932,photosynthetica
6603360932,remote sens.
6603360932,environ rev
6603360932,j. for. res.
6603360932,j. quat. sci.
15518864200,can. j. zool.
15518864200,funct. ecol.
15518864200,j. field ornithol.
15518864200,j. molluscan stud.
15518864200,proc. r. soc. b biol. sci.
15518864200,geoderma
15518864200,aquat. toxicol.
15518864200,global ecol. biogeogr.
15518864200,nat. clim. change
15518864200,j. theor. biol.
15518864200,sci. mar.
15518864200,ann. bot.
15518864200,arctic antarct. alp. res.
15518864200,environ. sci. policy
15518864200,anim. conserv.
15518864200,bull. mar. sci.
15518864200,physiol. behav.
15518864200,insectes sociaux
15518864200,j. chem. ecol.
15518864200,aquatic conserv. mar. freshw. ecosyst.
15518864200,for. chron.
15518864200,aob plants
15518864200,anal. chem.
15518864200,copeia
7003831942,biol. conserv.
7003831942,ecol. lett.
7003831942,elife
7003831942,nature
7003831942,plos one
7003831942,wildl. soc. bull.
7003831942,ann. app. biol.
7003831942,ecosphere
7003831942,ursus
7003831942,environ. ecol. stat.
7003831942,j. environ. qual.
7003831942,j. freshw. ecol.
7003831942,theor. popul. biol.
7003831942,theor. ecol.
7003831942,lancet
7003831942,chemosphere
7003831942,aust. j. ecol.
7003831942,pac. conserv. biol.
7003831942,water air soil pollut.
7003831942,biocontrol
7003831942,entomol. exp. appl.
7003831942,environ. sci. pollut. res.
7003831942,front. plant sci.
7003831942,wilson j. ornithol.
7003831942,biol. fertil. soils
7003831942,env. microbiol. rep.
7003831942,environ. microbiol.
7003831942,herpetol. j.
7003831942,stud. neotrop. fauna environ.
7003831942,remote sens.
6701606952,j. anim. ecol.
6701606952,j. zool.
6701606952,mar. pollut. bull.
6701606952,nature
6701606952,zoo biol.
6701606952,ornitol. neotrop.
6701606952,ann. app. biol.
6701606952,ecology and evolution
6701606952,behav. ecol. sociobiol.
6701606952,ecol. indic.
6701606952,environ. manage.
6701606952,environ. monit. assess.
6701606952,environ biol fish
6701606952,basic appl. ecol.
6701606952,j. mol. evol.
6701606952,trends ecol. evol.
6701606952,ann. bot.
6701606952,j. biogeogr.
6701606952,bull. am. meteorol. soc.
6701606952,j. geophys. res. c oceans
6701606952,wilson j. ornithol.
6701606952,limnol. oceanogr. methods
6701606952,plant. signal. behav.
6701606952,acta oecol.
6701606952,environ. microbiol.
7201709960,can. j. zool.
7201709960,ibis
7201709960,mar. ecol. prog. ser.
7201709960,oikos
7201709960,physiol. biochem. zool.
7201709960,agric. syst.
7201709960,ann. app. biol.
7201709960,arctic
7201709960,oecologia
7201709960,biogeosciences
7201709960,plant ecol.
7201709960,landsc. ecol.
7201709960,photogramm. eng. remote sens.
7201709960,ann. bot.
7201709960,earth surf. processes landf.
7201709960,environ. sci. policy
7201709960,geoscientific model dev.
7201709960,plant cell environ.
7201709960,landsc. urban plann.
7201709960,j. insect sci.
7201709960,water air soil pollut.
7201709960,behaviour
7201709960,anim. cogn.
7201709960,environ. sci. pollut. res.
7201709960,agrofor. syst.
7201709960,verh. ges. okol.
7201709960,genome res.
7201709960,mbio
7201709960,wilson j. ornithol.
7201709960,bmc plant biol.
7201709960,evol. biol.
7201709960,j. exp. zool. part a ecol. genet. physiol.
7201709960,paleobiology
7201709960,evol. appl.
7201709960,land degrad. dev.
7006918639,comp. biochem. physiol. a mol. integr. physiol.
7006918639,frontiers ecol. envir.
7006918639,j. mar. syst.
7006918639,wildl. soc. bull.
7006918639,j. parasitol.
7006918639,mol. ecol.
7006918639,conserv. lett.
7006918639,freshw. biol.
7006918639,global biogeochem. cycles
7006918639,int. j. appl. earth obs. geoinformation
7006918639,j. geophys. res. g biogeosci.
7006918639,plant soil
7006918639,bmc genomics
7006918639,lancet
7006918639,int. j. plant sci.
7006918639,vegetatio
7006918639,aquaculture
7006918639,mar. freshw. res.
7006918639,geochim. cosmochim. acta
7006918639,remote sens. environ.
7006918639,funct. plant biol.
7006918639,aob plants
7006918639,geology
7006576229,aqua. biol.
7006576229,comp. biochem. physiol. a mol. integr. physiol.
7006576229,condor
7006576229,j. mar. syst.
7006576229,polar biol.
7006576229,ecology and evolution
7006576229,global change biol.
7006576229,annu. rev. environ. resour.
7006576229,j. geophys. res. d atmos.
7006576229,nat. ecol. evol.
7006576229,perspect. plant ecol. evol. syst.
7006576229,adv. ecol. res.
7006576229,northeast. nat.
7006576229,geoscientific model dev.
7006576229,evol. ecol.
7006576229,water air soil pollut.
7006576229,anim. cogn.
7006576229,nat. conserv.
7006576229,aquaculture
7006576229,j. chem. ecol.
7006576229,fish fish.
7006576229,clim. past
7006576229,plant ecol. diversity
7006576229,harmful algae
7006576229,c. r. biol.
7006576229,j. quat. sci.
9639509000,deep-sea res. part ii top. stud. oceanogr.
9639509000,ecol. lett.
9639509000,fish. res.
9639509000,j. anim. ecol.
9639509000,plos one
9639509000,ecol. res.
9639509000,ecol. eng.
9639509000,ecotoxicol. environ. saf.
9639509000,annu. rev. environ. resour.
9639509000,j. ecol.
9639509000,j. plant ecol.
9639509000,tree physiol.
9639509000,water air soil pollut
9639509000,northeast. nat.
9639509000,austral ecol.
9639509000,herpetologica
9639509000,geomorphology
9639509000,j. arid environ.
9639509000,ecosyst. serv.
9639509000,bird conserv. int.
9639509000,j. econ. entomol.
9639509000,behaviour
9639509000,j. therm. biol.
9639509000,bmc ecol.
9639509000,genome res.
9639509000,sci. data
9639509000,plant. signal. behav.
9639509000,chinese j. ecol.
9639509000,earth plan. sci. lett.
9639509000,amphib. reptilia
9639509000,prog. phys. geogr.
24556330900,mar. pollut. bull.
24556330900,oikos
24556330900,agric. syst.
24556330900,chin. sci. bull.
24556330900,j. insect conserv.
24556330900,can. j. fish. aquat. sci.
24556330900,limnol. oceanogr.
24556330900,microb. ecol.
24556330900,wetlands
24556330900,j. soils sed.
24556330900,restor. ecol.
24556330900,ecol. model.
24556330900,water res.
24556330900,ecohydrology
24556330900,tree physiol.
24556330900,ecol. soc.
24556330900,bmc genomics
24556330900,j. theor. biol.
24556330900,ann. rev. ecol. evol. syst.
24556330900,earth surf. processes landf.
24556330900,planta
24556330900,gen. comp. endocrinol.
24556330900,j. econ. entomol.
24556330900,j. evol. biol.
24556330900,behaviour
24556330900,isr. j. ecol. evolution
24556330900,biochem. syst. ecol.
24556330900,dis. aquatic org.
24556330900,j. geophys. res. c oceans
24556330900,wilson j. ornithol.
24556330900,j. morphol.
24556330900,genetics
24556330900,genet. res.
24556330900,biomass bioenergy
24556330900,j. quat. sci.
6603522670,can. j. zool.
6603522670,nature
6603522670,j. wildl. manage.
6603522670,biol. j. linn. soc.
6603522670,global change biol.
6603522670,geoderma
6603522670,aquat. toxicol.
6603522670,int. j. remote sens.
6603522670,global biogeochem. cycles
6603522670,j. ecol.
6603522670,clim. dyn.
6603522670,proc. biol. sci.
6603522670,j. torrey bot. soc.
6603522670,proc spie int soc opt eng
6603522670,reg. environ. change
6603522670,int. j. parasitol.
6603522670,environ. biol. fishes
6603522670,appl. veg. sci.
6603522670,pest manage. sci.
6603522670,bmc evol. biol.
6603522670,j. comp. physiol. a neuroethol. sens. neural. behav. physiol.
6603522670,aquaculture
6603522670,cont. shelf res.
6603522670,for. chron.
6603522670,env. microbiol. rep.
6603522670,"philos. trans. r. soc. lond., b, biol. sci."
6603522670,ieee j. sel. top. appl. earth obs. remote sens.
6603522670,genet. res.
6603522670,c. r. biol.
7004741593,behav ecol sociobiol
7004741593,biol. conserv.
7004741593,j. r. soc. interface
7004741593,physiol. biochem. zool.
7004741593,mol. ecol.
7004741593,mammalia
7004741593,j. mammal.
7004741593,mari. mamm. sci.
7004741593,behav. ecol. sociobiol.
7004741593,j. comp. physiol. b biochem. syst. environ. physiol.
7004741593,aquatic toxicol.
7004741593,theor. ecol.
7004741593,j. mol. evol.
7004741593,j. biol. chem.
7004741593,ann. rev. ecol. syst.
7004741593,eos
7004741593,environ. sci. pollut. res.
7004741593,mar. environ. res.
7004741593,genome res.
7004741593,zootaxa
7004741593,oceanogr.
7004741593,j. geophys. res. biogeosci.
7004741593,hydrol. processes
7004741593,j. paleolimnol.
7004741593,ann. forest sci.
7004741593,antarct. sci.
7004741593,ecol appl
7005276204,ardea
7005276204,conserv. biol.
7005276204,frontiers ecol. envir.
7005276204,j. exp. mar. biol. ecol.
7005276204,j. molluscan stud.
7005276204,j. zool.
7005276204,vet. rec.
7005276204,environ. pollut.
7005276204,ecol. appl.
7005276204,environ. manage.
7005276204,restor. ecol.
7005276204,annu. rev. environ. resour.
7005276204,tree physiol.
7005276204,reg. environ. change
7005276204,urban ecosyst.
7005276204,horm. behav.
7005276204,appl. soil ecol.
7005276204,mar. environ. res.
7005276204,rev. fish biol. fish.
7005276204,mar. policy
7005276204,j. geophys. res. biogeosci.
7005276204,sustainability
7005276204,j. microbiol. methods
7005276204,anal. chem.
7005276204,earth plan. sci. lett.
7005276204,geology
7005276204,herpetol. rev.
7005276204,wilson bull.
7005276204,southeast. nat.
7005276204,mamm. biol.
7005276204,for. policy econ.
7005276204,vet. parasitol.
7005161806,elife
7005161806,j. exp. mar. biol. ecol.
7005161806,arctic
7005161806,biol. j. linn. soc.
7005161806,ecol. indic.
7005161806,eur. j. soil sci.
7005161806,j. environ. qual.
7005161806,plant ecol.
7005161806,water resour. res.
7005161806,ecotoxicology
7005161806,ices j. mar. sci.
7005161806,basic appl. ecol.
7005161806,j. ecol.
7005161806,j. plant physiol.
7005161806,j. mol. evol.
7005161806,trends ecol. evol.
7005161806,water air soil pollut
7005161806,arctic antarct. alp. res.
7005161806,planta
7005161806,bull. entomol. res.
7005161806,int. j. wildland fire
7005161806,acta chiropterologica
7005161806,land use policy
7005161806,j. insect sci.
7005161806,behaviour
7005161806,nat. conserv.
7005161806,mar. freshw. res.
7005161806,j. trop. ecol.
7005161806,for. chron.
7005161806,sustainability
7005161806,plant j.
7005161806,paleobiology
7005161806,genet. res.
7005258886,biol. conserv.
7005258886,methods ecol. evol.
7005258886,ecosphere
7005258886,soil biol. biochem.
7005258886,fisheries
7005258886,can. j. fish. aquat. sci.
7005258886,limnol. oceanogr.
7005258886,arch. hydrobiol.
7005258886,epidemiol. infect.
7005258886,fems microbiol. ecol.
7005258886,plos comput. biol.
7005258886,clim. change
7005258886,j. clim.
7005258886,j. exp. bot.
7005258886,quat. sci. rev.
7005258886,aust. j. bot.
7005258886,acta chiropterologica
7005258886,j. nat. conserv.
7005258886,genome res.
7005258886,rev. chil. hist. nat.
7005258886,rev. fish biol. fish.
7005258886,j. agric. food chem.
7005258886,eur. j. soil biol.
7005258886,rangeland ecol. manage.
7005258886,estuaries
7005258886,int. j. climatol.
7005258886,j. quat. sci.
7005258886,infec. genet. evol.
7103012603,ardea
7103012603,frontiers ecol. envir.
7103012603,vet. rec.
7103012603,j. wildl. dis.
7103012603,mol. ecol.
7103012603,environ. pollut.
7103012603,mol. phylogenet. evol.
7103012603,estuar. coasts
7103012603,ecol. eng.
7103012603,aquat. toxicol.
7103012603,proc. natl. acad. sci. u. s. a.
7103012603,can. j. for. res.
7103012603,ecohydrology
7103012603,nat. ecol. evol.
7103012603,perspect. plant ecol. evol. syst.
7103012603,j. math. biol.
7103012603,agric. for. meterol.
7103012603,bull. entomol. res.
7103012603,anim. conserv.
7103012603,plant biol.
7103012603,j. chem. ecol.
7103012603,zootaxa
7103012603,j. geophys. res. c oceans
7103012603,pac. sci.
7103012603,limnol. oceanogr. methods
7103012603,env. microbiol. rep.
7103012603,funct. plant biol.
7103012603,photosynthetica
7103012603,weed sci.
7103012603,harmful algae
7103012603,evol. appl.
7103012603,ieee j. sel. top. appl. earth obs. remote sens.
7103012603,j. for. res.
14055903400,hydrobiologia
14055903400,j. anim. ecol.
14055903400,ornitol. neotrop.
14055903400,j. appl. ecol.
14055903400,j. comp. physiol. b biochem. syst. environ. physiol.
14055903400,ecol. model.
14055903400,ecotoxicology
14055903400,nat. clim. change
14055903400,nat. ecol. evol.
14055903400,new phytol.
14055903400,for. sci.
14055903400,environ.res.lett.
14055903400,j. bacteriol.
14055903400,j. clim.
14055903400,field crops res.
14055903400,herpetologica
14055903400,int. j. parasitol.
14055903400,acta chiropterologica
14055903400,water air soil pollut.
14055903400,philos. trans. r. soc. b biol. sci.
14055903400,appl. veg. sci.
14055903400,biocontrol
14055903400,entomol. exp. appl.
14055903400,biotropica
14055903400,gcb bioenergy
14055903400,j. geophys. res. biogeosci.
14055903400,quat. res. (usa)
14055903400,ecol. restor.
14055903400,nord. j. bot.
14055903400,paleobiology
8562009700,am. nat.
8562009700,polar biol.
8562009700,ornitol. neotrop.
8562009700,agric. syst.
8562009700,emu
8562009700,j. am. water resour. assoc.
8562009700,forests
8562009700,fems microbiol. ecol.
8562009700,agric. for. meterol.
8562009700,environ. entomol.
8562009700,herpetologica
8562009700,appl. veg. sci.
8562009700,j. insect behav.
8562009700,bot.
8562009700,j. geophys. res. biogeosci.
8562009700,remote sens. environ.
8562009700,quat. res. (usa)
8562009700,can. j. bot.
8562009700,bmc plant biol.
8562009700,plant physiol.
8562009700,clim. res.
8562009700,j. plankton res.
8562009700,j. for. res.
8562009700,mycol. res.
7402662987,funct. ecol.
7402662987,j. wildl. dis.
7402662987,conserv. lett.
7402662987,plos genet.
7402662987,j. soils sed.
7402662987,j. veg. sci.
7402662987,evol. ecol. res.
7402662987,sci. mar.
7402662987,ann. rev. ecol. evol. syst.
7402662987,j. therm. biol.
7402662987,insectes sociaux
7402662987,parasitol. res.
7402662987,environ. model. softw.
7402662987,genome biol.
7402662987,adv. exp. med. biol.
7402662987,rev. chil. hist. nat.
7402662987,ecol. informatics
7402662987,mar. freshw. res.
7402662987,for. chron.
7402662987,phytochemistry
7402662987,chin. j. appl. ecol.
7402662987,clim. res.
7402662987,appl. geogr.
7402662987,prog. phys. geogr.
7402662987,mamm. biol.
6603350234,aqua. biol.
6603350234,biol. conserv.
6603350234,j. anim. ecol.
6603350234,appl. anim. behav. sci.
6603350234,j. insect conserv.
6603350234,oryx
6603350234,j. mammal.
6603350234,ecol. complex.
6603350234,integr. comp. biol.
6603350234,math. biosci.
6603350234,plos biol.
6603350234,am. j. bot.
6603350234,j chem ecol
6603350234,proc spie int soc opt eng
6603350234,pest manage. sci.
6603350234,parasitol. res.
6603350234,environ. sci. pollut. res.
6603350234,agrofor. syst.
6603350234,mar. environ. res.
6603350234,aquatic conserv. mar. freshw. ecosyst.
6603350234,prog. oceanogr.
6603350234,rev. palaeobot. palynol.
6603350234,usda for. serv. gen. tech. rep. pnw gtr
6603350234,ann. forest sci.
6603350234,funct. plant biol.
6603350234,plant physiol.
6603350234,evol. biol.
6603350234,wilson bull.
6603350234,environ rev
7005804828,behav. ecol.
7005804828,condor
7005804828,conserv. biol.
7005804828,elife
7005804828,methods ecol. evol.
7005804828,vet. rec.
7005804828,environ. pollut.
7005804828,ursus
7005804828,emu
7005804828,j. phycol.
7005804828,microb. ecol.
7005804828,biogeosciences
7005804828,int. j. remote sens.
7005804828,j. plant physiol.
7005804828,evol. ecol.
7005804828,bull. mar. sci.
7005804828,environ. biol. fishes
7005804828,entomol. exp. appl.
7005804828,bmc ecol.
7005804828,j. comp. physiol. a neuroethol. sens. neural. behav. physiol.
7005804828,biochem. syst. ecol.
7005804828,genome res.
7005804828,mar. policy
7005804828,lect. notes comput. sci.
7005804828,aob plants
7005804828,water
7005804828,wildl. biol.
7005804828,front. zool.
7405667303,j. ornithol.
7405667303,oikos
7405667303,biodiversity conserv.
7405667303,arctic
7405667303,ecology and evolution
7405667303,behav. ecol. sociobiol.
7405667303,bioscience
7405667303,popul. ecol.
7405667303,ambio
7405667303,trees struct. funct.
7405667303,bird conserv. int.
7405667303,pest manage. sci.
7405667303,am. midl. nat.
7405667303,bmc plant biol.
7405667303,plant dis.
7405667303,acta oecol.
7405667303,j. exp. zool. part a ecol. genet. physiol.
7405667303,evol. dev.
7405667303,aquatic ecol.
7004357945,ardea
7004357945,behav. ecol.
7004357945,comp. biochem. physiol. a mol. integr. physiol.
7004357945,j. raptor res.
7004357945,j. mammal.
7004357945,mari. mamm. sci.
7004357945,sci. total environ.
7004357945,ursus
7004357945,behav. ecol. sociobiol.
7004357945,bioscience
7004357945,new zealand j. mar. freshw. res.
7004357945,environ biol fish
7004357945,j. am. water resour. assoc.
7004357945,for. ecol. manage.
7004357945,bull. math. biol.
7004357945,j. virol.
7004357945,ann. rev. ecol. syst.
7004357945,aust. j. ecol.
7004357945,soc. nat. res.
7004357945,glob chang biol
7004357945,taxon
7004357945,bmc evol. biol.
7004357945,insectes sociaux
7004357945,sci. data
7004357945,ann. forest sci.
7004357945,copeia
7004357945,j. coast. res.
7004357945,tellus ser. b chem. phys. meteorol.
