actor_58478,movie_100666,1
actor_52477,movie_100666,1
actor_52477,movie_41831,1
actor_42707,movie_100666,1
actor_42707,movie_35215,1
actor_94646,movie_100666,1
actor_29685,movie_100666,1
actor_29685,movie_72956,1
actor_158644,movie_100666,1
actor_52512,movie_100666,1
actor_59192,movie_100666,1
actor_59192,movie_15489,1
actor_52930,movie_100666,1
actor_1218795,movie_100666,1
actor_1225986,movie_100666,1
actor_1225986,movie_17709,1
actor_1235417,movie_100666,1
actor_1219890,movie_100666,1
actor_74367,movie_100666,1
actor_43903,movie_100666,1
actor_43903,movie_15489,1
actor_63563,movie_100666,1
actor_63563,movie_97930,1
actor_521,movie_10137,1
actor_16935,movie_10137,1
actor_41419,movie_10137,1
actor_41419,movie_11674,1
actor_67778,movie_10137,1
actor_67778,movie_24100,1
actor_78729,movie_10137,1
actor_78729,movie_7450,1
actor_78729,movie_9732,1
actor_4004,movie_10137,1
actor_35517,movie_10137,1
actor_94008,movie_10137,1
actor_94008,movie_117882,1
actor_1535,movie_10137,1
actor_1535,movie_45242,1
actor_59956,movie_10137,1
actor_14833,movie_10137,1
actor_14833,movie_32643,1
actor_9046,movie_10137,1
actor_18324,movie_10137,1
actor_9257,movie_10137,1
actor_7906,movie_10137,1
actor_7906,movie_19594,1
actor_58563,movie_10137,1
actor_1219157,movie_10137,1
actor_11806,movie_10137,1
actor_64180,movie_10208,1
actor_64180,movie_10874,1
actor_64180,movie_16112,1
actor_64180,movie_341949,1
actor_64181,movie_10208,1
actor_64181,movie_10874,1
actor_64181,movie_16112,1
actor_64182,movie_10208,1
actor_64182,movie_16112,1
actor_7908,movie_10208,1
actor_7908,movie_10874,1
actor_7908,movie_16112,1
actor_7908,movie_335496,1
actor_7908,movie_341949,1
actor_68455,movie_10208,1
actor_68455,movie_16112,1
actor_68455,movie_341949,1
actor_4175,movie_10208,1
actor_4175,movie_3050,1
actor_4175,movie_36929,1
actor_1164,movie_10208,1
actor_1164,movie_252586,1
actor_60949,movie_10208,1
actor_60949,movie_18975,1
actor_3138,movie_10208,1
actor_3138,movie_24436,1
actor_2694,movie_10208,1
actor_11477,movie_10208,1
actor_15234,movie_10208,1
actor_1533,movie_10208,1
actor_16620,movie_10208,1
actor_16620,movie_31388,1
actor_16620,movie_32302,1
actor_3897,movie_10208,1
actor_11866,movie_10208,1
actor_3798,movie_10208,1
actor_3798,movie_34170,1
actor_157602,movie_10208,1
actor_95266,movie_102909,1
actor_135228,movie_102909,1
actor_135228,movie_91133,1
actor_80290,movie_102909,1
actor_80290,movie_16299,1
actor_70755,movie_102909,1
actor_70755,movie_34729,1
actor_116027,movie_10386,1
actor_116027,movie_9745,1
actor_4491,movie_10386,1
actor_12835,movie_10386,1
actor_4443,movie_10386,1
actor_4443,movie_37244,1
actor_4443,movie_49076,1
actor_18688,movie_10386,1
actor_4251,movie_10386,1
actor_9599,movie_10386,1
actor_9599,movie_13664,1
actor_16433,movie_10386,1
actor_588,movie_10386,1
actor_19545,movie_10386,1
actor_78317,movie_10386,1
actor_78317,movie_11688,1
actor_78317,movie_140695,1
actor_30695,movie_10386,1
actor_30695,movie_10545,1
actor_30695,movie_10674,1
actor_30695,movie_118727,1
actor_30695,movie_13151,1
actor_30695,movie_13664,1
actor_30695,movie_20410,1
actor_1075148,movie_10386,1
actor_1075150,movie_10386,1
actor_70615,movie_10386,1
actor_35172,movie_10386,1
actor_81843,movie_10386,1
actor_81843,movie_13664,1
actor_1407907,movie_10386,1
actor_86006,movie_10386,1
actor_84213,movie_10386,1
actor_84213,movie_15400,1
actor_84213,movie_15653,1
actor_84213,movie_39346,1
actor_160616,movie_10386,1
actor_143786,movie_10386,1
actor_214701,movie_10386,1
actor_214701,movie_10545,1
actor_214701,movie_11674,1
actor_214701,movie_11688,1
actor_84493,movie_10386,1
actor_166406,movie_10386,1
actor_166406,movie_16234,1
actor_166406,movie_9732,1
actor_61969,movie_10386,1
actor_61969,movie_14444,1
actor_61969,movie_16340,1
actor_63646,movie_10386,1
actor_1196132,movie_10386,1
actor_16060,movie_10386,1
actor_33260,movie_10472,1
actor_12041,movie_10472,1
actor_11826,movie_10472,1
actor_52647,movie_10472,1
actor_6212,movie_10472,1
actor_6212,movie_10642,1
actor_18976,movie_10472,1
actor_5916,movie_10472,1
actor_31903,movie_10472,1
actor_31903,movie_62410,1
actor_61880,movie_10472,1
actor_37014,movie_10472,1
actor_1189046,movie_10472,1
actor_515,movie_10481,1
actor_515,movie_11674,1
actor_515,movie_58242,1
actor_65524,movie_10481,1
actor_65535,movie_10481,1
actor_41043,movie_10481,1
actor_41043,movie_30628,1
actor_16927,movie_10481,1
actor_16927,movie_3587,1
actor_5251,movie_104896,1
actor_5251,movie_32308,1
actor_1226764,movie_104896,1
actor_10135,movie_104896,1
actor_10127,movie_104896,1
actor_36169,movie_104896,1
actor_14888,movie_104896,1
actor_113910,movie_104896,1
actor_47525,movie_104896,1
actor_1188924,movie_104896,1
actor_11181,movie_10501,1
actor_8945,movie_10501,1
actor_8945,movie_10545,1
actor_4810,movie_10501,1
actor_23346,movie_10501,1
actor_587,movie_10501,1
actor_587,movie_61898,1
actor_12077,movie_10501,1
actor_12077,movie_10545,1
actor_12077,movie_11238,1
actor_12077,movie_118727,1
actor_12077,movie_13151,1
actor_12077,movie_13313,1
actor_12077,movie_13761,1
actor_12077,movie_140695,1
actor_12077,movie_15400,1
actor_12077,movie_15653,1
actor_12077,movie_15655,1
actor_12077,movie_19042,1
actor_12077,movie_26312,1
actor_12077,movie_341986,1
actor_12077,movie_360615,1
actor_12077,movie_76669,1
actor_12077,movie_9732,1
actor_15831,movie_10501,1
actor_15831,movie_10545,1
actor_15831,movie_10674,1
actor_15831,movie_11238,1
actor_15831,movie_13151,1
actor_15831,movie_13313,1
actor_15831,movie_13664,1
actor_15831,movie_15400,1
actor_15831,movie_16187,1
actor_15831,movie_16234,1
actor_15831,movie_185759,1
actor_15831,movie_20235,1
actor_15831,movie_20410,1
actor_15831,movie_341986,1
actor_15831,movie_48246,1
actor_2144,movie_10501,1
actor_11370,movie_10501,1
actor_1552486,movie_10501,1
actor_1718935,movie_10501,1
actor_1718936,movie_10501,1
actor_6199,movie_10539,1
actor_6199,movie_10674,1
actor_6199,movie_79419,1
actor_6199,movie_9447,1
actor_34901,movie_10539,1
actor_34901,movie_30923,1
actor_34901,movie_51107,1
actor_4935,movie_10539,1
actor_4935,movie_30923,1
actor_4038,movie_10539,1
actor_4038,movie_16340,1
actor_4038,movie_185759,1
actor_3037,movie_10539,1
actor_3037,movie_31220,1
actor_3037,movie_49146,1
actor_3037,movie_56217,1
actor_52951,movie_10539,1
actor_11207,movie_10539,1
actor_11207,movie_30628,1
actor_1011424,movie_10539,1
actor_63544,movie_10539,1
actor_1011436,movie_10539,1
actor_177175,movie_10539,1
actor_215904,movie_10539,1
actor_12555,movie_10539,1
actor_4001,movie_10539,1
actor_1652305,movie_10539,1
actor_3999,movie_10545,1
actor_3416,movie_10545,1
actor_65598,movie_10545,1
actor_65598,movie_14444,1
actor_65598,movie_19042,1
actor_65598,movie_31473,1
actor_65598,movie_49076,1
actor_72250,movie_10545,1
actor_20749,movie_10545,1
actor_20749,movie_16187,1
actor_1206,movie_10545,1
actor_1206,movie_17414,1
actor_1206,movie_42884,1
actor_20624,movie_10545,1
actor_28010,movie_10545,1
actor_28010,movie_13313,1
actor_28010,movie_13761,1
actor_28010,movie_20235,1
actor_28010,movie_31220,1
actor_28010,movie_341986,1
actor_28010,movie_9446,1
actor_35219,movie_10545,1
actor_35219,movie_15400,1
actor_35219,movie_17709,1
actor_35219,movie_49076,1
actor_1022161,movie_10545,1
actor_34398,movie_10545,1
actor_34398,movie_76212,1
actor_61968,movie_10545,1
actor_62047,movie_10545,1
actor_61962,movie_10567,1
actor_1981,movie_10567,1
actor_1981,movie_197725,1
actor_1981,movie_26787,1
actor_15531,movie_10567,1
actor_15531,movie_110860,1
actor_15531,movie_3050,1
actor_7133,movie_10567,1
actor_7133,movie_10898,1
actor_7133,movie_9099,1
actor_17265,movie_10567,1
actor_67392,movie_10567,1
actor_67392,movie_10898,1
actor_25654,movie_10567,1
actor_154693,movie_10567,1
actor_23709,movie_10567,1
actor_23709,movie_11674,1
actor_23709,movie_59715,1
actor_23709,movie_77945,1
actor_56950,movie_10567,1
actor_18269,movie_10603,1
actor_18269,movie_123187,1
actor_18269,movie_17709,1
actor_41087,movie_10603,1
actor_19159,movie_10603,1
actor_8930,movie_10603,1
actor_8930,movie_34037,1
actor_8930,movie_47168,1
actor_6487,movie_10603,1
actor_21132,movie_10603,1
actor_21132,movie_14444,1
actor_11318,movie_10603,1
actor_20361,movie_10603,1
actor_58090,movie_10603,1
actor_1229698,movie_10603,1
actor_61307,movie_10603,1
actor_953505,movie_10603,1
actor_559485,movie_10603,1
actor_94979,movie_10603,1
actor_49275,movie_10603,1
actor_82719,movie_10603,1
actor_168326,movie_10603,1
actor_1448921,movie_10603,1
actor_1224308,movie_10603,1
actor_1748102,movie_10603,1
actor_1748103,movie_10603,1
actor_20761,movie_10603,1
actor_20761,movie_352477,1
actor_1748104,movie_10603,1
actor_1748105,movie_10603,1
actor_1748106,movie_10603,1
actor_1748107,movie_10603,1
actor_1748108,movie_10603,1
actor_1748109,movie_10603,1
actor_1748110,movie_10603,1
actor_1748111,movie_10603,1
actor_127614,movie_10603,1
actor_1748112,movie_10603,1
actor_29214,movie_10603,1
actor_29214,movie_17709,1
actor_1748053,movie_10603,1
actor_1748113,movie_10603,1
actor_1748114,movie_10603,1
actor_1748052,movie_10603,1
actor_14390,movie_10603,1
actor_1741701,movie_10603,1
actor_1741701,movie_17709,1
actor_1748068,movie_10603,1
actor_1748115,movie_10603,1
actor_1748116,movie_10603,1
actor_1748117,movie_10603,1
actor_1748119,movie_10603,1
actor_1748124,movie_10603,1
actor_1748125,movie_10603,1
actor_1609276,movie_10603,1
actor_1748126,movie_10603,1
actor_106243,movie_10603,1
actor_21593,movie_10642,1
actor_8211,movie_10642,1
actor_1218218,movie_10642,1
actor_22125,movie_10642,1
actor_17141,movie_10642,1
actor_707,movie_10642,1
actor_707,movie_9099,1
actor_66160,movie_10642,1
actor_66160,movie_56195,1
actor_53601,movie_10642,1
actor_1000241,movie_10642,1
actor_62715,movie_10642,1
actor_62715,movie_34729,1
actor_13023,movie_10642,1
actor_43120,movie_10642,1
actor_43120,movie_332,1
actor_43120,movie_9732,1
actor_3214,movie_10642,1
actor_3214,movie_9447,1
actor_118946,movie_10642,1
actor_37043,movie_10642,1
actor_1093379,movie_106551,1
actor_35159,movie_106551,1
actor_35159,movie_109601,1
actor_35159,movie_483003,1
actor_35159,movie_9279,1
actor_1449729,movie_106551,1
actor_77547,movie_106551,1
actor_322377,movie_106551,1
actor_21702,movie_10674,1
actor_15838,movie_10674,1
actor_776,movie_10674,1
actor_776,movie_3050,1
actor_14592,movie_10674,1
actor_14592,movie_81367,1
actor_140567,movie_10674,1
actor_15860,movie_10674,1
actor_15860,movie_10960,1
actor_15860,movie_9438,1
actor_15098,movie_10674,1
actor_15098,movie_83762,1
actor_187678,movie_10674,1
actor_7420,movie_10674,1
actor_16183,movie_10674,1
actor_129889,movie_10674,1
actor_71858,movie_10674,1
actor_20904,movie_10674,1
actor_10345,movie_10674,1
actor_23915,movie_10674,1
actor_23915,movie_79861,1
actor_1752,movie_10674,1
actor_1752,movie_352465,1
actor_1752,movie_353019,1
actor_51754,movie_10674,1
actor_4995,movie_10674,1
actor_66193,movie_10674,1
actor_72730,movie_10674,1
actor_1398807,movie_10674,1
actor_78879,movie_10674,1
actor_21561,movie_107309,1
actor_1041541,movie_107309,1
actor_52087,movie_107309,1
actor_45415,movie_107309,1
actor_69098,movie_107309,1
actor_69098,movie_233687,1
actor_184842,movie_107309,1
actor_11717,movie_10830,1
actor_11717,movie_16110,1
actor_11717,movie_40344,1
actor_518,movie_10830,1
actor_518,movie_2300,1
actor_6368,movie_10830,1
actor_24203,movie_10830,1
actor_24203,movie_126935,1
actor_24203,movie_308620,1
actor_11213,movie_10830,1
actor_5129,movie_10830,1
actor_5129,movie_13313,1
actor_5129,movie_15170,1
actor_5129,movie_17414,1
actor_3801,movie_10830,1
actor_3801,movie_34170,1
actor_109693,movie_10830,1
actor_109694,movie_10830,1
actor_156734,movie_10830,1
actor_13472,movie_10874,1
actor_13472,movie_11508,1
actor_13472,movie_13313,1
actor_13472,movie_14444,1
actor_13472,movie_16340,1
actor_13472,movie_19594,1
actor_13472,movie_218970,1
actor_19996,movie_10874,1
actor_12094,movie_10874,1
actor_9188,movie_10874,1
actor_9188,movie_89868,1
actor_133876,movie_10874,1
actor_1705493,movie_10874,1
actor_121112,movie_10874,1
actor_1220350,movie_10874,1
actor_1314585,movie_10874,1
actor_63978,movie_10898,1
actor_63978,movie_16366,1
actor_63978,movie_278846,1
actor_63978,movie_291309,1
actor_15762,movie_10898,1
actor_15762,movie_13151,1
actor_15762,movie_14444,1
actor_15762,movie_16234,1
actor_15762,movie_16340,1
actor_35232,movie_10898,1
actor_67393,movie_10898,1
actor_9601,movie_10898,1
actor_9601,movie_17337,1
actor_9601,movie_19164,1
actor_9601,movie_19165,1
actor_52304,movie_10898,1
actor_52304,movie_16187,1
actor_52304,movie_88773,1
actor_43125,movie_10898,1
actor_43125,movie_13761,1
actor_43125,movie_15653,1
actor_43125,movie_19164,1
actor_43125,movie_19165,1
actor_43125,movie_48246,1
actor_6574,movie_10898,1
actor_6574,movie_13664,1
actor_6574,movie_49076,1
actor_60272,movie_10898,1
actor_60272,movie_13151,1
actor_60272,movie_9732,1
actor_9807,movie_10898,1
actor_9807,movie_16366,1
actor_9807,movie_30809,1
actor_9807,movie_31473,1
actor_9807,movie_332,1
actor_61702,movie_10898,1
actor_61702,movie_13664,1
actor_3202,movie_10898,1
actor_3202,movie_14444,1
actor_6678,movie_109175,1
actor_6678,movie_63957,1
actor_25834,movie_109175,1
actor_11065,movie_109175,1
actor_43265,movie_109175,1
actor_11066,movie_109601,1
actor_11066,movie_118727,1
actor_11066,movie_130003,1
actor_41689,movie_109601,1
actor_41689,movie_13664,1
actor_12826,movie_109601,1
actor_12826,movie_73527,1
actor_52048,movie_109601,1
actor_52048,movie_39345,1
actor_94554,movie_109601,1
actor_59018,movie_109601,1
actor_59018,movie_124134,1
actor_3198,movie_109601,1
actor_3198,movie_39346,1
actor_95024,movie_109601,1
actor_12975,movie_109601,1
actor_12975,movie_20735,1
actor_161912,movie_109601,1
actor_112574,movie_109601,1
actor_112574,movie_61849,1
actor_11716,movie_109601,1
actor_11716,movie_126935,1
actor_11716,movie_36986,1
actor_3418,movie_109601,1
actor_3418,movie_117882,1
actor_3418,movie_39345,1
actor_4041,movie_10960,1
actor_64733,movie_10960,1
actor_8349,movie_10960,1
actor_4093,movie_10960,1
actor_4093,movie_11508,1
actor_4093,movie_268716,1
actor_9560,movie_109926,1
actor_9560,movie_181574,1
actor_9560,movie_32090,1
actor_20767,movie_109926,1
actor_8338,movie_109926,1
actor_65803,movie_109926,1
actor_56015,movie_109926,1
actor_44150,movie_109926,1
actor_44150,movie_67357,1
actor_5925,movie_109926,1
actor_86530,movie_109926,1
actor_84490,movie_109926,1
actor_84490,movie_5833,1
actor_14730,movie_110433,1
actor_14730,movie_13313,1
actor_14730,movie_9444,1
actor_2169,movie_110433,1
actor_2169,movie_20737,1
actor_167253,movie_110433,1
actor_1049895,movie_110433,1
actor_19260,movie_110433,1
actor_1050163,movie_110636,1
actor_1050164,movie_110636,1
actor_1050165,movie_110636,1
actor_1050166,movie_110636,1
actor_6725,movie_110636,1
actor_6725,movie_146813,1
actor_6725,movie_30731,1
actor_6725,movie_61863,1
actor_1050167,movie_110636,1
actor_1050168,movie_110636,1
actor_8447,movie_11076,1
actor_8447,movie_11674,1
actor_8447,movie_15869,1
actor_8447,movie_9849,1
actor_10690,movie_11076,1
actor_65002,movie_11076,1
actor_65002,movie_49076,1
actor_11067,movie_11076,1
actor_92726,movie_11076,1
actor_44205,movie_11076,1
actor_86442,movie_11076,1
actor_15532,movie_110860,1
actor_590335,movie_110860,1
actor_171864,movie_110860,1
actor_176733,movie_110860,1
actor_1050748,movie_110860,1
actor_44100,movie_110860,1
actor_3151,movie_111693,1
actor_34490,movie_111693,1
actor_85922,movie_111693,1
actor_85922,movie_36968,1
actor_15827,movie_11238,1
actor_15829,movie_11238,1
actor_2157,movie_11238,1
actor_2157,movie_12499,1
actor_655,movie_11238,1
actor_655,movie_123187,1
actor_15832,movie_11238,1
actor_725,movie_11238,1
actor_725,movie_13313,1
actor_725,movie_20235,1
actor_725,movie_341986,1
actor_61674,movie_11238,1
actor_30485,movie_11238,1
actor_16074,movie_114533,1
actor_16074,movie_146813,1
actor_16074,movie_64202,1
actor_64025,movie_114533,1
actor_1027861,movie_114533,1
actor_17628,movie_114533,1
actor_129725,movie_114533,1
actor_563882,movie_114533,1
actor_180637,movie_114533,1
actor_560023,movie_114533,1
actor_1044194,movie_114533,1
actor_1058893,movie_114533,1
actor_589,movie_11508,1
actor_589,movie_9849,1
actor_42157,movie_11508,1
actor_42157,movie_31388,1
actor_9631,movie_11508,1
actor_34597,movie_11508,1
actor_61964,movie_11508,1
actor_53929,movie_11508,1
actor_15661,movie_11508,1
actor_15661,movie_233687,1
actor_15661,movie_31388,1
actor_15661,movie_52193,1
actor_19403,movie_11508,1
actor_71240,movie_11508,1
actor_43859,movie_11508,1
actor_106487,movie_11508,1
actor_106483,movie_11508,1
actor_8495,movie_11508,1
actor_42935,movie_11508,1
actor_97880,movie_11508,1
actor_97880,movie_39345,1
actor_12662,movie_11508,1
actor_98859,movie_11508,1
actor_106485,movie_11508,1
actor_106484,movie_11508,1
actor_106486,movie_11508,1
actor_106486,movie_39345,1
actor_106488,movie_11508,1
actor_106489,movie_11508,1
actor_106489,movie_39345,1
actor_35806,movie_11511,1
actor_35806,movie_14817,1
actor_17918,movie_11511,1
actor_18316,movie_11511,1
actor_69671,movie_11511,1
actor_42140,movie_115371,1
actor_140173,movie_115371,1
actor_53401,movie_115371,1
actor_59789,movie_115371,1
actor_59789,movie_24100,1
actor_22131,movie_115371,1
actor_20309,movie_115371,1
actor_24522,movie_115371,1
actor_87956,movie_115371,1
actor_4492,movie_115371,1
actor_61185,movie_115952,1
actor_12490,movie_115952,1
actor_182976,movie_115952,1
actor_5918,movie_115952,1
actor_5918,movie_61898,1
actor_93643,movie_115952,1
actor_93643,movie_25180,1
actor_31530,movie_115952,1
actor_1484899,movie_115952,1
actor_1227324,movie_115952,1
actor_1227324,movie_92620,1
actor_12928,movie_116038,1
actor_12928,movie_67357,1
actor_15500,movie_116038,1
actor_87128,movie_116038,1
actor_1214952,movie_116038,1
actor_69494,movie_116038,1
actor_20810,movie_11674,1
actor_20810,movie_51043,1
actor_60950,movie_11688,1
actor_60950,movie_14444,1
actor_1230,movie_11688,1
actor_1230,movie_91133,1
actor_70243,movie_11688,1
actor_70243,movie_38223,1
actor_9657,movie_11688,1
actor_9657,movie_16187,1
actor_9657,movie_72956,1
actor_61980,movie_11688,1
actor_1381716,movie_11688,1
actor_102320,movie_11688,1
actor_16842,movie_11688,1
actor_91024,movie_11688,1
actor_5247,movie_11688,1
actor_5247,movie_15655,1
actor_5247,movie_76669,1
actor_943275,movie_117882,1
actor_5139,movie_117882,1
actor_5139,movie_40688,1
actor_5139,movie_64265,1
actor_26662,movie_117882,1
actor_26662,movie_149220,1
actor_164917,movie_117882,1
actor_1817,movie_117882,1
actor_1817,movie_14817,1
actor_216490,movie_117882,1
actor_72028,movie_117882,1
actor_72028,movie_233687,1
actor_2878,movie_117882,1
actor_33151,movie_117882,1
actor_147713,movie_117882,1
actor_135273,movie_117882,1
actor_949688,movie_117882,1
actor_1066285,movie_117882,1
actor_15048,movie_118727,1
actor_15048,movie_13313,1
actor_15048,movie_20235,1
actor_15048,movie_278846,1
actor_92585,movie_118727,1
actor_59784,movie_118727,1
actor_92525,movie_118727,1
actor_92525,movie_278846,1
actor_84495,movie_118727,1
actor_84495,movie_16366,1
actor_84495,movie_39346,1
actor_84495,movie_483003,1
actor_84495,movie_50932,1
actor_39214,movie_118727,1
actor_34521,movie_118727,1
actor_34521,movie_48246,1
actor_571564,movie_118727,1
actor_1066979,movie_118727,1
actor_60739,movie_118727,1
actor_60739,movie_13313,1
actor_60739,movie_13664,1
actor_60739,movie_13761,1
actor_60739,movie_14444,1
actor_60739,movie_15655,1
actor_60739,movie_16340,1
actor_15152,movie_121179,1
actor_15152,movie_185759,1
actor_15152,movie_9732,1
actor_117999,movie_121179,1
actor_117999,movie_36251,1
actor_32205,movie_121179,1
actor_32205,movie_20737,1
actor_19957,movie_121179,1
actor_61081,movie_123187,1
actor_167533,movie_123187,1
actor_81667,movie_123187,1
actor_81667,movie_20410,1
actor_2,movie_123187,1
actor_2,movie_13151,1
actor_2,movie_16234,1
actor_2,movie_16366,1
actor_2,movie_20410,1
actor_2,movie_32090,1
actor_1077476,movie_123187,1
actor_27741,movie_123187,1
actor_1749,movie_123187,1
actor_1749,movie_20302,1
actor_1077477,movie_123187,1
actor_68750,movie_124134,1
actor_46924,movie_124134,1
actor_83976,movie_124134,1
actor_83976,movie_39346,1
actor_16666,movie_124134,1
actor_27261,movie_124134,1
actor_7904,movie_12499,1
actor_15886,movie_12499,1
actor_15886,movie_30809,1
actor_2630,movie_12499,1
actor_12790,movie_12499,1
actor_21089,movie_12499,1
actor_83362,movie_12499,1
actor_1215878,movie_12499,1
actor_7867,movie_12499,1
actor_38160,movie_12499,1
actor_15440,movie_12499,1
actor_35753,movie_12499,1
actor_52443,movie_12499,1
actor_154826,movie_12499,1
actor_122807,movie_12499,1
actor_122807,movie_32643,1
actor_82988,movie_12499,1
actor_127738,movie_12499,1
actor_2461,movie_12499,1
actor_2461,movie_29911,1
actor_2461,movie_7443,1
actor_57119,movie_12559,1
actor_57119,movie_14817,1
actor_57119,movie_56281,1
actor_57119,movie_9279,1
actor_72862,movie_12559,1
actor_72862,movie_149220,1
actor_72862,movie_269038,1
actor_72862,movie_79861,1
actor_72863,movie_12559,1
actor_72863,movie_36797,1
actor_23881,movie_12559,1
actor_23881,movie_142815,1
actor_44792,movie_12559,1
actor_37421,movie_12559,1
actor_28950,movie_12559,1
actor_1419313,movie_12559,1
actor_1419315,movie_12559,1
actor_147788,movie_12559,1
actor_8854,movie_12559,1
actor_8854,movie_20737,1
actor_8854,movie_32308,1
actor_73159,movie_12630,1
actor_11514,movie_12630,1
actor_11514,movie_19594,1
actor_73160,movie_12630,1
actor_61961,movie_12630,1
actor_76621,movie_126935,1
actor_76621,movie_16234,1
actor_76621,movie_64202,1
actor_17773,movie_126935,1
actor_62761,movie_126935,1
actor_123660,movie_126935,1
actor_387,movie_126935,1
actor_27111,movie_126935,1
actor_27111,movie_308620,1
actor_27111,movie_326706,1
actor_51383,movie_126935,1
actor_51383,movie_81743,1
actor_7502,movie_127181,1
actor_7502,movie_19042,1
actor_7502,movie_210098,1
actor_7502,movie_51985,1
actor_1037423,movie_127181,1
actor_180480,movie_127181,1
actor_134199,movie_127181,1
actor_220504,movie_127181,1
actor_1084045,movie_127181,1
actor_120592,movie_127181,1
actor_1084047,movie_127181,1
actor_1084049,movie_127181,1
actor_173445,movie_127503,1
actor_232102,movie_127503,1
actor_173432,movie_127503,1
actor_173390,movie_127503,1
actor_1084816,movie_127503,1
actor_777,movie_127503,1
actor_777,movie_32090,1
actor_777,movie_49425,1
actor_777,movie_52193,1
actor_777,movie_73257,1
actor_94806,movie_127503,1
actor_3785,movie_128979,1
actor_3785,movie_52508,1
actor_3785,movie_58242,1
actor_7431,movie_128979,1
actor_7431,movie_20737,1
actor_7431,movie_57752,1
actor_1098654,movie_128979,1
actor_1098655,movie_128979,1
actor_110455,movie_128979,1
actor_94021,movie_128979,1
actor_183522,movie_128979,1
actor_102375,movie_128979,1
actor_102375,movie_224445,1
actor_29459,movie_128979,1
actor_29459,movie_53105,1
actor_152307,movie_128979,1
actor_1464777,movie_130003,1
actor_44953,movie_130003,1
actor_55257,movie_130003,1
actor_1464778,movie_130003,1
actor_4756,movie_130003,1
actor_4756,movie_332,1
actor_4756,movie_9732,1
actor_27116,movie_130003,1
actor_1251416,movie_130003,1
actor_1464784,movie_130003,1
actor_155547,movie_130003,1
actor_1464785,movie_130003,1
actor_1194944,movie_130003,1
actor_1464786,movie_130003,1
actor_1464788,movie_130003,1
actor_8975,movie_130003,1
actor_58272,movie_13151,1
actor_58272,movie_20410,1
actor_23679,movie_13151,1
actor_23679,movie_16340,1
actor_23679,movie_2300,1
actor_88622,movie_13151,1
actor_88622,movie_20410,1
actor_11782,movie_13151,1
actor_91850,movie_13151,1
actor_35243,movie_13151,1
actor_62050,movie_13313,1
actor_62050,movie_20235,1
actor_62050,movie_341986,1
actor_40389,movie_13313,1
actor_40389,movie_42884,1
actor_40389,movie_9444,1
actor_9640,movie_13313,1
actor_9640,movie_145511,1
actor_9640,movie_3587,1
actor_34982,movie_13313,1
actor_34982,movie_13761,1
actor_34982,movie_15400,1
actor_34982,movie_15653,1
actor_34982,movie_16366,1
actor_34982,movie_17337,1
actor_34982,movie_19164,1
actor_34982,movie_19165,1
actor_34982,movie_20410,1
actor_34982,movie_341986,1
actor_34982,movie_89473,1
actor_131,movie_13466,1
actor_2955,movie_13466,1
actor_4784,movie_13466,1
actor_26999,movie_13466,1
actor_10128,movie_13466,1
actor_9186,movie_13466,1
actor_71886,movie_13466,1
actor_74584,movie_13466,1
actor_74585,movie_13466,1
actor_8191,movie_13466,1
actor_2368,movie_13466,1
actor_74586,movie_13466,1
actor_21084,movie_13466,1
actor_74587,movie_13466,1
actor_74588,movie_13466,1
actor_1643635,movie_13466,1
actor_1643635,movie_57680,1
actor_1072930,movie_134803,1
actor_42206,movie_134803,1
actor_42206,movie_54004,1
actor_42206,movie_72753,1
actor_7517,movie_134803,1
actor_188044,movie_134803,1
actor_177219,movie_134803,1
actor_17142,movie_134803,1
actor_15760,movie_134803,1
actor_15760,movie_15489,1
actor_20495,movie_134803,1
actor_20495,movie_69921,1
actor_1072879,movie_134803,1
actor_1072878,movie_134803,1
actor_16828,movie_134803,1
actor_55725,movie_13664,1
actor_55725,movie_75864,1
actor_1303010,movie_13664,1
actor_1303010,movie_19165,1
actor_1303010,movie_258574,1
actor_1303010,movie_31388,1
actor_153410,movie_13664,1
actor_51517,movie_13664,1
actor_89451,movie_13664,1
actor_89451,movie_19042,1
actor_34983,movie_13664,1
actor_34983,movie_14444,1
actor_34983,movie_15400,1
actor_34983,movie_16340,1
actor_81842,movie_13664,1
actor_12899,movie_13664,1
actor_12899,movie_258574,1
actor_12899,movie_32302,1
actor_12899,movie_34600,1
actor_12899,movie_39128,1
actor_98050,movie_13664,1
actor_1316987,movie_13664,1
actor_1316988,movie_13664,1
actor_1316989,movie_13664,1
actor_1316990,movie_13664,1
actor_166831,movie_13664,1
actor_12642,movie_136984,1
actor_1751,movie_136984,1
actor_1751,movie_291645,1
actor_149837,movie_136984,1
actor_149837,movie_70773,1
actor_98429,movie_136984,1
actor_93035,movie_136984,1
actor_186327,movie_136984,1
actor_41234,movie_136984,1
actor_165458,movie_136984,1
actor_129996,movie_136984,1
actor_129996,movie_36797,1
actor_1212974,movie_136984,1
actor_65529,movie_13761,1
actor_110315,movie_13761,1
actor_66881,movie_13761,1
actor_66881,movie_49076,1
actor_12516,movie_13761,1
actor_110316,movie_13761,1
actor_3203,movie_13761,1
actor_28933,movie_13761,1
actor_1954,movie_13761,1
actor_18,movie_13761,1
actor_18,movie_15653,1
actor_165312,movie_13761,1
actor_938390,movie_13761,1
actor_28640,movie_13824,1
actor_23659,movie_13824,1
actor_55422,movie_13824,1
actor_55422,movie_28559,1
actor_55422,movie_9820,1
actor_16846,movie_13824,1
actor_16846,movie_36797,1
actor_36423,movie_13824,1
actor_5826,movie_13824,1
actor_56867,movie_13824,1
actor_44169,movie_13824,1
actor_11517,movie_13824,1
actor_183838,movie_13824,1
actor_52956,movie_13824,1
actor_130101,movie_13824,1
actor_131009,movie_13824,1
actor_104151,movie_13824,1
actor_69575,movie_13824,1
actor_1239427,movie_13824,1
actor_18236,movie_13824,1
actor_1234256,movie_13824,1
actor_1362945,movie_13824,1
actor_85760,movie_13824,1
actor_126251,movie_13824,1
actor_150577,movie_13824,1
actor_1362948,movie_13824,1
actor_79402,movie_13824,1
actor_168752,movie_13824,1
actor_168752,movie_36251,1
actor_20196,movie_13824,1
actor_1362949,movie_13824,1
actor_1362950,movie_13824,1
actor_132658,movie_13824,1
actor_1270742,movie_13824,1
actor_1217633,movie_13824,1
actor_20959,movie_138513,1
actor_157146,movie_138513,1
actor_54819,movie_138513,1
actor_185073,movie_138513,1
actor_52037,movie_138513,1
actor_52037,movie_72753,1
actor_104799,movie_138513,1
actor_104799,movie_92620,1
actor_54652,movie_138513,1
actor_155820,movie_138513,1
actor_155820,movie_179294,1
actor_141459,movie_138513,1
actor_141459,movie_85867,1
actor_62134,movie_138513,1
actor_86434,movie_140690,1
actor_86434,movie_14444,1
actor_86434,movie_16340,1
actor_86434,movie_83762,1
actor_86434,movie_89473,1
actor_291,movie_140695,1
actor_150739,movie_140695,1
actor_150739,movie_20377,1
actor_150739,movie_20378,1
actor_65531,movie_140695,1
actor_33923,movie_140695,1
actor_25837,movie_142815,1
actor_25837,movie_239583,1
actor_25837,movie_352465,1
actor_1231029,movie_142815,1
actor_52401,movie_142815,1
actor_197795,movie_142815,1
actor_1225492,movie_142815,1
actor_1225492,movie_24436,1
actor_29463,movie_142815,1
actor_1445745,movie_142815,1
actor_1218114,movie_142815,1
actor_1445746,movie_142815,1
actor_190049,movie_142815,1
actor_7014,movie_142815,1
actor_7014,movie_353019,1
actor_1015448,movie_142815,1
actor_1445747,movie_142815,1
actor_1445748,movie_142815,1
actor_78501,movie_14429,1
actor_78501,movie_16234,1
actor_78501,movie_296717,1
actor_1756,movie_14429,1
actor_5090,movie_14429,1
actor_40980,movie_14429,1
actor_17303,movie_14429,1
actor_77803,movie_14429,1
actor_55194,movie_14429,1
actor_55194,movie_16299,1
actor_31712,movie_14429,1
actor_70830,movie_14429,1
actor_942055,movie_14429,1
actor_4451,movie_14429,1
actor_4451,movie_15489,1
actor_171871,movie_14429,1
actor_2395,movie_14444,1
actor_2395,movie_185759,1
actor_2395,movie_30923,1
actor_2395,movie_31183,1
actor_2395,movie_3587,1
actor_2395,movie_42884,1
actor_15274,movie_14444,1
actor_15274,movie_16340,1
actor_15274,movie_48246,1
actor_15274,movie_9447,1
actor_58136,movie_14444,1
actor_58136,movie_16340,1
actor_58136,movie_341986,1
actor_80719,movie_14444,1
actor_80719,movie_16340,1
actor_62590,movie_14444,1
actor_6485,movie_14444,1
actor_19546,movie_14444,1
actor_19546,movie_16340,1
actor_34985,movie_14444,1
actor_34985,movie_16340,1
actor_155754,movie_14444,1
actor_155754,movie_16340,1
actor_155754,movie_60432,1
actor_1212688,movie_14444,1
actor_8263,movie_14444,1
actor_8263,movie_19594,1
actor_8263,movie_20756,1
actor_8263,movie_3587,1
actor_8263,movie_9444,1
actor_19547,movie_14444,1
actor_19547,movie_15400,1
actor_81178,movie_14444,1
actor_27862,movie_14444,1
actor_51707,movie_14444,1
actor_11152,movie_14444,1
actor_13604,movie_14444,1
actor_13604,movie_15489,1
actor_1210583,movie_14444,1
actor_98879,movie_14444,1
actor_77069,movie_14444,1
actor_51321,movie_14444,1
actor_112099,movie_14444,1
actor_203663,movie_14444,1
actor_1084314,movie_14444,1
actor_1366290,movie_14444,1
actor_68929,movie_14444,1
actor_1930521,movie_14444,1
actor_203660,movie_14444,1
actor_1224319,movie_14444,1
actor_56200,movie_14444,1
actor_176023,movie_14444,1
actor_181139,movie_146813,1
actor_20354,movie_146813,1
actor_11764,movie_146813,1
actor_69740,movie_146813,1
actor_69740,movie_62410,1
actor_58928,movie_146813,1
actor_16052,movie_146813,1
actor_592228,movie_146813,1
actor_1124891,movie_146813,1
actor_1124892,movie_146813,1
actor_1124893,movie_146813,1
actor_1124894,movie_146813,1
actor_135151,movie_146813,1
actor_1124895,movie_146813,1
actor_1124896,movie_146813,1
actor_1088213,movie_146813,1
actor_1088213,movie_201875,1
actor_1124897,movie_146813,1
actor_1124898,movie_146813,1
actor_1124899,movie_146813,1
actor_95005,movie_146813,1
actor_145241,movie_146813,1
actor_111913,movie_146813,1
actor_1124900,movie_146813,1
actor_1124901,movie_146813,1
actor_1124902,movie_146813,1
actor_1124903,movie_146813,1
actor_1124904,movie_146813,1
actor_1124905,movie_146813,1
actor_1124906,movie_146813,1
actor_59645,movie_14817,1
actor_59645,movie_36817,1
actor_77330,movie_14817,1
actor_77330,movie_36817,1
actor_3093,movie_14817,1
actor_1214849,movie_14817,1
actor_70804,movie_14817,1
actor_77174,movie_14817,1
actor_28639,movie_14817,1
actor_2712,movie_149220,1
actor_2712,movie_85951,1
actor_72408,movie_149220,1
actor_130024,movie_149220,1
actor_1275170,movie_150792,1
actor_1021873,movie_150792,1
actor_1275171,movie_150792,1
actor_82830,movie_150792,1
actor_82830,movie_223775,1
actor_97864,movie_150792,1
actor_97864,movie_30035,1
actor_97864,movie_30731,1
actor_1661737,movie_150792,1
actor_1661738,movie_150792,1
actor_1661739,movie_150792,1
actor_99761,movie_150792,1
actor_99761,movie_223775,1
actor_564601,movie_150792,1
actor_564601,movie_223775,1
actor_564601,movie_29509,1
actor_564601,movie_30731,1
actor_564601,movie_44547,1
actor_99762,movie_150792,1
actor_1858702,movie_150792,1
actor_3967,movie_15162,1
actor_10746,movie_15162,1
actor_65,movie_15162,1
actor_65,movie_30628,1
actor_65,movie_51043,1
actor_4581,movie_15162,1
actor_4581,movie_47168,1
actor_1249,movie_15162,1
actor_1249,movie_77945,1
actor_1806604,movie_15162,1
actor_1806605,movie_15162,1
actor_1057876,movie_15162,1
actor_1631536,movie_15162,1
actor_1806608,movie_15162,1
actor_12522,movie_15162,1
actor_24726,movie_15162,1
actor_1806609,movie_15162,1
actor_53349,movie_15162,1
actor_70903,movie_15162,1
actor_29307,movie_15162,1
actor_1806610,movie_15162,1
actor_1806611,movie_15162,1
actor_209658,movie_15162,1
actor_80860,movie_15162,1
actor_16700,movie_15162,1
actor_385,movie_15162,1
actor_385,movie_47288,1
actor_385,movie_69281,1
actor_14343,movie_15170,1
actor_1923,movie_15170,1
actor_1923,movie_30923,1
actor_10697,movie_15170,1
actor_10697,movie_26177,1
actor_43853,movie_15170,1
actor_103833,movie_15170,1
actor_7090,movie_15400,1
actor_7090,movie_19594,1
actor_7090,movie_9444,1
actor_78076,movie_15400,1
actor_6035,movie_15400,1
actor_6035,movie_9447,1
actor_34478,movie_15400,1
actor_1214947,movie_15400,1
actor_21874,movie_15400,1
actor_1225512,movie_15400,1
actor_1506224,movie_15400,1
actor_116869,movie_15400,1
actor_35349,movie_15400,1
actor_35349,movie_31473,1
actor_54812,movie_15489,1
actor_1534,movie_15489,1
actor_5376,movie_15489,1
actor_5376,movie_4244,1
actor_2230,movie_15489,1
actor_55779,movie_15489,1
actor_70852,movie_15489,1
actor_62760,movie_15489,1
actor_59011,movie_15489,1
actor_109144,movie_15489,1
actor_1213527,movie_15489,1
actor_168788,movie_15489,1
actor_33293,movie_15489,1
actor_391533,movie_15489,1
actor_27136,movie_15489,1
actor_115857,movie_15489,1
actor_80348,movie_15489,1
actor_61983,movie_15653,1
actor_61983,movie_9732,1
actor_64998,movie_15653,1
actor_64998,movie_39345,1
actor_64998,movie_39346,1
actor_14723,movie_15653,1
actor_10739,movie_15653,1
actor_10739,movie_18975,1
actor_10739,movie_19042,1
actor_10739,movie_51985,1
actor_90453,movie_15655,1
actor_77482,movie_15655,1
actor_19540,movie_15655,1
actor_19540,movie_76669,1
actor_77546,movie_15655,1
actor_77546,movie_360615,1
actor_105503,movie_15655,1
actor_20089,movie_15869,1
actor_7004,movie_15869,1
actor_33052,movie_15869,1
actor_57127,movie_15869,1
actor_57127,movie_33660,1
actor_7447,movie_16110,1
actor_8949,movie_16110,1
actor_77156,movie_16112,1
actor_77156,movie_335496,1
actor_77156,movie_341949,1
actor_25503,movie_16112,1
actor_27011,movie_16112,1
actor_27011,movie_24436,1
actor_120608,movie_16112,1
actor_120608,movie_341949,1
actor_90776,movie_16112,1
actor_90776,movie_341949,1
actor_196825,movie_16112,1
actor_64185,movie_16112,1
actor_64185,movie_341949,1
actor_173798,movie_16112,1
actor_173798,movie_341949,1
actor_226789,movie_16112,1
actor_192632,movie_16112,1
actor_192632,movie_335496,1
actor_109887,movie_16112,1
actor_109887,movie_335496,1
actor_109887,movie_341949,1
actor_90777,movie_16112,1
actor_90777,movie_341949,1
actor_22556,movie_16112,1
actor_22556,movie_341949,1
actor_161147,movie_16112,1
actor_161147,movie_341949,1
actor_1217330,movie_16112,1
actor_1217330,movie_341949,1
actor_1217328,movie_16112,1
actor_1217328,movie_341949,1
actor_1572614,movie_16112,1
actor_1572627,movie_16112,1
actor_1572634,movie_16112,1
actor_1213631,movie_16112,1
actor_1572642,movie_16112,1
actor_1227760,movie_16112,1
actor_1573049,movie_16112,1
actor_1573061,movie_16112,1
actor_1573062,movie_16112,1
actor_1224515,movie_16112,1
actor_1573070,movie_16112,1
actor_1573073,movie_16112,1
actor_65171,movie_16112,1
actor_1573096,movie_16112,1
actor_1573108,movie_16112,1
actor_1573112,movie_16112,1
actor_135467,movie_16112,1
actor_1225507,movie_16112,1
actor_164131,movie_16112,1
actor_164131,movie_335496,1
actor_164131,movie_341949,1
actor_145446,movie_16112,1
actor_12898,movie_16187,1
actor_12898,movie_926,1
actor_12898,movie_9446,1
actor_16845,movie_16187,1
actor_1211,movie_16187,1
actor_76245,movie_16187,1
actor_4201,movie_16187,1
actor_4201,movie_20377,1
actor_4201,movie_2300,1
actor_5727,movie_16187,1
actor_5727,movie_19594,1
actor_24362,movie_16187,1
actor_24362,movie_19042,1
actor_24362,movie_20410,1
actor_1861800,movie_16187,1
actor_52601,movie_16187,1
actor_1861801,movie_16187,1
actor_7,movie_16187,1
actor_104378,movie_16187,1
actor_8655,movie_16187,1
actor_12900,movie_16187,1
actor_12900,movie_19042,1
actor_12900,movie_9849,1
actor_7911,movie_16187,1
actor_7882,movie_16187,1
actor_26485,movie_16198,1
actor_26485,movie_72850,1
actor_26485,movie_9279,1
actor_120801,movie_16198,1
actor_120802,movie_16198,1
actor_120803,movie_16198,1
actor_120804,movie_16198,1
actor_81242,movie_16198,1
actor_78352,movie_16198,1
actor_120805,movie_16198,1
actor_34947,movie_16234,1
actor_34947,movie_64202,1
actor_52929,movie_16234,1
actor_923,movie_16234,1
actor_34978,movie_16234,1
actor_1221555,movie_16234,1
actor_34945,movie_16234,1
actor_9290,movie_16234,1
actor_9290,movie_9745,1
actor_19975,movie_16234,1
actor_1280,movie_16234,1
actor_38581,movie_16234,1
actor_15100,movie_16234,1
actor_8437,movie_16234,1
actor_8437,movie_39345,1
actor_8437,movie_64202,1
actor_157085,movie_16234,1
actor_157085,movie_4244,1
actor_102734,movie_16234,1
actor_74036,movie_16299,1
actor_74036,movie_26312,1
actor_74036,movie_36929,1
actor_83196,movie_16299,1
actor_83196,movie_36797,1
actor_69395,movie_16299,1
actor_69395,movie_210098,1
actor_69395,movie_28559,1
actor_35598,movie_16299,1
actor_35598,movie_9438,1
actor_113,movie_16299,1
actor_13936,movie_16299,1
actor_1222612,movie_16299,1
actor_35597,movie_16299,1
actor_54791,movie_16299,1
actor_1015767,movie_16299,1
actor_180979,movie_16299,1
actor_56205,movie_16299,1
actor_203285,movie_16299,1
actor_13563,movie_16299,1
actor_1744,movie_16299,1
actor_224,movie_16299,1
actor_90694,movie_16299,1
actor_27436,movie_16299,1
actor_6220,movie_16299,1
actor_61824,movie_16299,1
actor_12074,movie_16340,1
actor_16418,movie_16340,1
actor_8857,movie_16340,1
actor_8857,movie_44349,1
actor_10134,movie_16340,1
actor_1746397,movie_16340,1
actor_86432,movie_16340,1
actor_1930522,movie_16340,1
actor_198,movie_16340,1
actor_198,movie_16366,1
actor_198,movie_19042,1
actor_198,movie_2300,1
actor_8049,movie_16340,1
actor_880,movie_16366,1
actor_13732,movie_16366,1
actor_13732,movie_9099,1
actor_80414,movie_16366,1
actor_80415,movie_16366,1
actor_19151,movie_16366,1
actor_80416,movie_16366,1
actor_6106,movie_16366,1
actor_6106,movie_51985,1
actor_206047,movie_16366,1
actor_236327,movie_16366,1
actor_236327,movie_76212,1
actor_38709,movie_16366,1
actor_38709,movie_76212,1
actor_175511,movie_16366,1
actor_53283,movie_17037,1
actor_53283,movie_18975,1
actor_53283,movie_32090,1
actor_53283,movie_36301,1
actor_53283,movie_38225,1
actor_10860,movie_17037,1
actor_56487,movie_17037,1
actor_21163,movie_17037,1
actor_23706,movie_17037,1
actor_81170,movie_17037,1
actor_81170,movie_34766,1
actor_81170,movie_70773,1
actor_33836,movie_17037,1
actor_7210,movie_17037,1
actor_34199,movie_17337,1
actor_34199,movie_31473,1
actor_35224,movie_17337,1
actor_35224,movie_19165,1
actor_91022,movie_17337,1
actor_91022,movie_9837,1
actor_200,movie_17337,1
actor_91023,movie_17337,1
actor_35109,movie_17337,1
actor_35109,movie_19165,1
actor_35109,movie_48246,1
actor_44052,movie_17337,1
actor_44052,movie_19164,1
actor_44052,movie_19165,1
actor_52699,movie_17337,1
actor_52699,movie_19594,1
actor_52699,movie_9447,1
actor_10823,movie_17337,1
actor_6450,movie_17414,1
actor_27564,movie_17414,1
actor_27564,movie_20377,1
actor_27564,movie_20378,1
actor_4757,movie_17414,1
actor_4757,movie_332,1
actor_171373,movie_17414,1
actor_13243,movie_17414,1
actor_13243,movie_19594,1
actor_156592,movie_17414,1
actor_169906,movie_17414,1
actor_44185,movie_17414,1
actor_156532,movie_17414,1
actor_90341,movie_17414,1
actor_31032,movie_17414,1
actor_31032,movie_3050,1
actor_159747,movie_17414,1
actor_119711,movie_17414,1
actor_47533,movie_17414,1
actor_520,movie_17709,1
actor_520,movie_20302,1
actor_658,movie_17709,1
actor_658,movie_30628,1
actor_10713,movie_17709,1
actor_10713,movie_20756,1
actor_10713,movie_47168,1
actor_10360,movie_17709,1
actor_1240,movie_17709,1
actor_20752,movie_17709,1
actor_55962,movie_17709,1
actor_172734,movie_17709,1
actor_15032,movie_17709,1
actor_15032,movie_926,1
actor_57358,movie_17709,1
actor_167689,movie_17709,1
actor_1748602,movie_17709,1
actor_61401,movie_17709,1
actor_105864,movie_17709,1
actor_1201305,movie_17709,1
actor_158466,movie_17709,1
actor_1748608,movie_17709,1
actor_158464,movie_17709,1
actor_151657,movie_17709,1
actor_162783,movie_17709,1
actor_165448,movie_17709,1
actor_64673,movie_17709,1
actor_1748609,movie_17709,1
actor_1748609,movie_326706,1
actor_1748610,movie_17709,1
actor_1748611,movie_17709,1
actor_91404,movie_17709,1
actor_1748612,movie_17709,1
actor_196690,movie_17709,1
actor_114894,movie_17709,1
actor_27124,movie_17709,1
actor_231047,movie_17709,1
actor_231047,movie_60432,1
actor_158450,movie_17709,1
actor_564975,movie_17709,1
actor_1235448,movie_17709,1
actor_51801,movie_17709,1
actor_51801,movie_407534,1
actor_1488644,movie_17709,1
actor_1235689,movie_17709,1
actor_124313,movie_17709,1
actor_1748614,movie_17709,1
actor_1748615,movie_17709,1
actor_1748616,movie_17709,1
actor_1618607,movie_17709,1
actor_1618607,movie_9438,1
actor_1228761,movie_17709,1
actor_928295,movie_17709,1
actor_1748618,movie_17709,1
actor_1748619,movie_17709,1
actor_1748620,movie_17709,1
actor_82501,movie_17709,1
actor_1748621,movie_17709,1
actor_1748622,movie_17709,1
actor_57392,movie_17709,1
actor_1748180,movie_17709,1
actor_1748627,movie_17709,1
actor_1748628,movie_17709,1
actor_1748629,movie_17709,1
actor_1748630,movie_17709,1
actor_1748221,movie_17709,1
actor_1748632,movie_17709,1
actor_1748633,movie_17709,1
actor_1339220,movie_17709,1
actor_1748635,movie_17709,1
actor_1748637,movie_17709,1
actor_169792,movie_17709,1
actor_1748638,movie_17709,1
actor_1224872,movie_17709,1
actor_1748639,movie_17709,1
actor_1414738,movie_17709,1
actor_1235586,movie_17709,1
actor_62932,movie_179294,1
actor_62932,movie_31920,1
actor_17782,movie_179294,1
actor_17782,movie_31183,1
actor_2505,movie_179294,1
actor_2505,movie_9447,1
actor_59016,movie_180375,1
actor_55875,movie_180375,1
actor_55875,movie_267570,1
actor_112085,movie_180375,1
actor_112085,movie_54007,1
actor_1212443,movie_180375,1
actor_1759554,movie_180375,1
actor_1729745,movie_180375,1
actor_1217812,movie_180375,1
actor_15441,movie_18098,1
actor_15336,movie_18098,1
actor_15336,movie_213033,1
actor_15336,movie_30628,1
actor_58319,movie_18098,1
actor_82668,movie_18098,1
actor_27554,movie_18098,1
actor_22063,movie_18098,1
actor_22063,movie_30628,1
actor_22063,movie_51043,1
actor_10698,movie_18098,1
actor_5723,movie_18098,1
actor_5723,movie_7450,1
actor_17328,movie_18098,1
actor_20070,movie_18098,1
actor_20070,movie_24100,1
actor_31925,movie_18098,1
actor_20577,movie_18098,1
actor_1333,movie_18098,1
actor_155,movie_181574,1
actor_155,movie_185759,1
actor_50464,movie_181574,1
actor_94854,movie_181574,1
actor_94854,movie_182578,1
actor_132860,movie_181574,1
actor_142605,movie_181574,1
actor_142605,movie_57680,1
actor_99043,movie_181574,1
actor_146025,movie_181574,1
actor_146025,movie_57680,1
actor_1489665,movie_181574,1
actor_196843,movie_181574,1
actor_1489666,movie_181574,1
actor_150078,movie_181574,1
actor_85481,movie_181574,1
actor_1489667,movie_181574,1
actor_2750,movie_182578,1
actor_59283,movie_182578,1
actor_1937,movie_182578,1
actor_1937,movie_26450,1
actor_1937,movie_9447,1
actor_1211888,movie_182578,1
actor_1211888,movie_51985,1
actor_1211888,movie_72850,1
actor_156811,movie_182578,1
actor_22435,movie_182578,1
actor_1165669,movie_182578,1
actor_1095343,movie_182578,1
actor_68812,movie_185759,1
actor_68812,movie_50932,1
actor_68812,movie_61849,1
actor_9780,movie_185759,1
actor_9780,movie_51107,1
actor_1197021,movie_185759,1
actor_2390,movie_185759,1
actor_1392277,movie_185759,1
actor_2047,movie_185759,1
actor_2047,movie_38225,1
actor_2047,movie_9054,1
actor_2047,movie_9837,1
actor_2231,movie_185759,1
actor_15852,movie_185759,1
actor_15852,movie_22796,1
actor_21125,movie_185759,1
actor_8891,movie_185759,1
actor_87079,movie_185759,1
actor_13309,movie_185759,1
actor_2641,movie_18975,1
actor_2641,movie_288901,1
actor_2641,movie_61898,1
actor_35341,movie_18975,1
actor_1646,movie_18975,1
actor_94968,movie_18975,1
actor_94968,movie_222037,1
actor_123632,movie_18975,1
actor_5539,movie_18975,1
actor_6952,movie_19042,1
actor_101606,movie_19042,1
actor_6844,movie_19042,1
actor_6844,movie_20756,1
actor_6844,movie_31473,1
actor_6844,movie_45128,1
actor_6844,movie_51985,1
actor_109988,movie_19042,1
actor_109988,movie_51985,1
actor_38337,movie_19042,1
actor_38337,movie_58242,1
actor_21402,movie_19042,1
actor_21402,movie_31388,1
actor_21402,movie_47288,1
actor_21402,movie_76212,1
actor_21402,movie_82401,1
actor_52883,movie_19042,1
actor_71447,movie_19164,1
actor_79021,movie_19164,1
actor_79020,movie_19164,1
actor_586496,movie_19164,1
actor_1162379,movie_19165,1
actor_229973,movie_191884,1
actor_1422012,movie_191884,1
actor_7013,movie_191884,1
actor_8321,movie_191884,1
actor_8321,movie_69274,1
actor_10366,movie_191884,1
actor_522,movie_191884,1
actor_522,movie_33660,1
actor_1212859,movie_191884,1
actor_1446617,movie_191884,1
actor_1446617,movie_239583,1
actor_198716,movie_191884,1
actor_179270,movie_191884,1
actor_548035,movie_191884,1
actor_198693,movie_191884,1
actor_110887,movie_191884,1
actor_114378,movie_192833,1
actor_33321,movie_192833,1
actor_33321,movie_79861,1
actor_1665672,movie_192833,1
actor_1665673,movie_192833,1
actor_1665675,movie_192833,1
actor_5587,movie_19594,1
actor_5587,movie_9444,1
actor_29077,movie_19594,1
actor_29077,movie_20756,1
actor_29077,movie_61863,1
actor_1080211,movie_19594,1
actor_67711,movie_19594,1
actor_115873,movie_19594,1
actor_80678,movie_197725,1
actor_1527585,movie_197725,1
actor_1527586,movie_197725,1
actor_12536,movie_201865,1
actor_12536,movie_34037,1
actor_7245,movie_201865,1
actor_44385,movie_201865,1
actor_142653,movie_201865,1
actor_7249,movie_201865,1
actor_1184015,movie_201865,1
actor_186448,movie_201865,1
actor_1184016,movie_201865,1
actor_1184017,movie_201865,1
actor_1184018,movie_201865,1
actor_1184019,movie_201865,1
actor_1184020,movie_201865,1
actor_1184021,movie_201865,1
actor_1184033,movie_201875,1
actor_236,movie_201875,1
actor_92256,movie_201875,1
actor_2684,movie_201875,1
actor_62506,movie_201875,1
actor_6727,movie_20235,1
actor_56055,movie_20377,1
actor_56055,movie_20378,1
actor_153875,movie_20377,1
actor_153875,movie_20378,1
actor_97832,movie_20377,1
actor_537,movie_20377,1
actor_537,movie_70772,1
actor_537,movie_9438,1
actor_28768,movie_20377,1
actor_156689,movie_20378,1
actor_156689,movie_56195,1
actor_27504,movie_20378,1
actor_95257,movie_20410,1
actor_86170,movie_20410,1
actor_64951,movie_20410,1
actor_11184,movie_205618,1
actor_11184,movie_26787,1
actor_1188022,movie_205618,1
actor_1188023,movie_205618,1
actor_1188024,movie_205618,1
actor_1188025,movie_205618,1
actor_1188026,movie_205618,1
actor_1188412,movie_206030,1
actor_1235831,movie_206030,1
actor_19190,movie_206030,1
actor_37005,movie_206030,1
actor_158480,movie_206030,1
actor_15668,movie_206030,1
actor_19207,movie_206030,1
actor_19207,movie_281588,1
actor_6886,movie_20735,1
actor_40393,movie_20735,1
actor_40393,movie_32643,1
actor_1039,movie_20735,1
actor_1039,movie_3050,1
actor_21731,movie_20735,1
actor_21731,movie_39346,1
actor_40403,movie_20735,1
actor_10477,movie_20735,1
actor_10477,movie_49076,1
actor_20623,movie_20737,1
actor_86527,movie_20737,1
actor_4976,movie_20737,1
actor_86528,movie_20737,1
actor_13640,movie_20756,1
actor_13640,movie_87694,1
actor_13640,movie_9279,1
actor_12688,movie_20756,1
actor_3905,movie_20756,1
actor_45863,movie_20756,1
actor_102860,movie_20756,1
actor_1397287,movie_20756,1
actor_149511,movie_20756,1
actor_149511,movie_82401,1
actor_2877,movie_20756,1
actor_47441,movie_20756,1
actor_197545,movie_210098,1
actor_204,movie_213033,1
actor_16940,movie_213033,1
actor_1803554,movie_213033,1
actor_10729,movie_213033,1
actor_1803555,movie_213033,1
actor_34902,movie_213033,1
actor_34902,movie_7443,1
actor_1803556,movie_213033,1
actor_1219469,movie_213033,1
actor_1228892,movie_213033,1
actor_1803558,movie_213033,1
actor_87385,movie_213033,1
actor_87385,movie_222037,1
actor_26860,movie_213033,1
actor_47743,movie_213033,1
actor_1803559,movie_213033,1
actor_8553,movie_218970,1
actor_8553,movie_30809,1
actor_123055,movie_218970,1
actor_128208,movie_218970,1
actor_16119,movie_218970,1
actor_16119,movie_63872,1
actor_62001,movie_218970,1
actor_62001,movie_223775,1
actor_62001,movie_61863,1
actor_68501,movie_218970,1
actor_93919,movie_218970,1
actor_152244,movie_218970,1
actor_136301,movie_218970,1
actor_953772,movie_218970,1
actor_3272,movie_220426,1
actor_53815,movie_220426,1
actor_54823,movie_220426,1
actor_550794,movie_220426,1
actor_550794,movie_329873,1
actor_203505,movie_220426,1
actor_60657,movie_220426,1
actor_1823721,movie_220426,1
actor_250,movie_222037,1
actor_214991,movie_222037,1
actor_172935,movie_222037,1
actor_2449,movie_222037,1
actor_185426,movie_222037,1
actor_61364,movie_222037,1
actor_1207541,movie_222037,1
actor_36666,movie_222037,1
actor_172936,movie_222037,1
actor_661,movie_222037,1
actor_54444,movie_222037,1
actor_199061,movie_222037,1
actor_80498,movie_222037,1
actor_185960,movie_222037,1
actor_1207543,movie_222037,1
actor_1207544,movie_222037,1
actor_54789,movie_222050,1
actor_1219443,movie_222050,1
actor_973,movie_222050,1
actor_973,movie_30923,1
actor_6645,movie_222050,1
actor_6645,movie_47168,1
actor_208464,movie_222050,1
actor_8547,movie_222050,1
actor_24399,movie_222050,1
actor_24818,movie_222050,1
actor_51392,movie_223775,1
actor_51392,movie_29509,1
actor_51392,movie_30035,1
actor_183645,movie_223775,1
actor_183645,movie_61863,1
actor_183645,movie_63988,1
actor_82775,movie_223775,1
actor_82775,movie_32643,1
actor_100552,movie_223775,1
actor_100552,movie_28559,1
actor_100552,movie_30035,1
actor_75344,movie_223775,1
actor_75344,movie_61863,1
actor_1214463,movie_223775,1
actor_1214463,movie_75864,1
actor_157958,movie_223775,1
actor_98452,movie_223775,1
actor_98596,movie_223775,1
actor_98596,movie_29509,1
actor_83462,movie_223775,1
actor_43749,movie_223775,1
actor_53519,movie_224445,1
actor_14011,movie_224445,1
actor_1210034,movie_224445,1
actor_1210035,movie_224445,1
actor_17353,movie_224445,1
actor_1071165,movie_224445,1
actor_35241,movie_227149,1
actor_155700,movie_227149,1
actor_166931,movie_227149,1
actor_44296,movie_227149,1
actor_44296,movie_34766,1
actor_180137,movie_227149,1
actor_81596,movie_227149,1
actor_85199,movie_227149,1
actor_85199,movie_39345,1
actor_168456,movie_227149,1
actor_1021869,movie_22796,1
actor_4787,movie_22796,1
actor_4787,movie_54007,1
actor_17485,movie_22796,1
actor_17485,movie_3050,1
actor_11064,movie_22796,1
actor_13314,movie_22796,1
actor_13314,movie_4244,1
actor_168638,movie_22796,1
actor_129332,movie_22796,1
actor_1398393,movie_22796,1
actor_206,movie_22796,1
actor_22474,movie_22796,1
actor_23678,movie_2300,1
actor_23680,movie_2300,1
actor_23680,movie_483003,1
actor_4604,movie_2300,1
actor_23681,movie_2300,1
actor_23682,movie_2300,1
actor_1532,movie_2300,1
actor_1532,movie_34170,1
actor_1211812,movie_2300,1
actor_1231141,movie_2300,1
actor_1232432,movie_2300,1
actor_1225517,movie_2300,1
actor_1234833,movie_2300,1
actor_1197748,movie_2300,1
actor_1251369,movie_2300,1
actor_193304,movie_2300,1
actor_1230823,movie_2300,1
actor_1230823,movie_308620,1
actor_1215304,movie_2300,1
actor_1315402,movie_2300,1
actor_1315446,movie_2300,1
actor_180625,movie_2300,1
actor_1315447,movie_2300,1
actor_1315403,movie_2300,1
actor_1315448,movie_2300,1
actor_1315449,movie_2300,1
actor_1315450,movie_2300,1
actor_1315451,movie_2300,1
actor_95896,movie_23105,1
actor_1214692,movie_23105,1
actor_1383391,movie_23105,1
actor_12982,movie_23105,1
actor_29699,movie_23105,1
actor_109932,movie_23105,1
actor_8318,movie_23105,1
actor_1328085,movie_23105,1
actor_161030,movie_23105,1
actor_161030,movie_30923,1
actor_24273,movie_23105,1
actor_1573548,movie_23105,1
actor_47988,movie_23105,1
actor_29020,movie_233687,1
actor_55567,movie_233687,1
actor_55567,movie_45128,1
actor_16170,movie_233687,1
actor_1217850,movie_239583,1
actor_90771,movie_24020,1
actor_90771,movie_62410,1
actor_56120,movie_24020,1
actor_82653,movie_24020,1
actor_59295,movie_24020,1
actor_90772,movie_24020,1
actor_90772,movie_341986,1
actor_90772,movie_34766,1
actor_11398,movie_24020,1
actor_20766,movie_24100,1
actor_20766,movie_30628,1
actor_2506,movie_24100,1
actor_2506,movie_388903,1
actor_93925,movie_24100,1
actor_5529,movie_24100,1
actor_93926,movie_24100,1
actor_956764,movie_24100,1
actor_42998,movie_24100,1
actor_33453,movie_24100,1
actor_599196,movie_24436,1
actor_27238,movie_24436,1
actor_237541,movie_24436,1
actor_237542,movie_24436,1
actor_218631,movie_24436,1
actor_165423,movie_245934,1
actor_56650,movie_245934,1
actor_94713,movie_245934,1
actor_94713,movie_51398,1
actor_17483,movie_245934,1
actor_7320,movie_245934,1
actor_7320,movie_30923,1
actor_7320,movie_77945,1
actor_192472,movie_245934,1
actor_63358,movie_245934,1
actor_78329,movie_245934,1
actor_36663,movie_245934,1
actor_2154,movie_24662,1
actor_2154,movie_75864,1
actor_77353,movie_24662,1
actor_95791,movie_24662,1
actor_82630,movie_24662,1
actor_82630,movie_268716,1
actor_1227071,movie_24662,1
actor_1227071,movie_43274,1
actor_40279,movie_251278,1
actor_40279,movie_31220,1
actor_40279,movie_36301,1
actor_40009,movie_251278,1
actor_40009,movie_308620,1
actor_21290,movie_251278,1
actor_1496026,movie_251278,1
actor_45446,movie_25180,1
actor_93646,movie_25180,1
actor_93645,movie_25180,1
actor_148091,movie_25180,1
actor_70441,movie_25180,1
actor_20697,movie_25180,1
actor_101798,movie_25180,1
actor_80407,movie_25180,1
actor_4689,movie_252586,1
actor_4689,movie_72850,1
actor_4689,movie_81367,1
actor_2886,movie_252586,1
actor_2886,movie_36797,1
actor_1396909,movie_252586,1
actor_1021884,movie_252586,1
actor_1021884,movie_69921,1
actor_1021884,movie_92620,1
actor_3092,movie_257179,1
actor_7868,movie_257179,1
actor_33528,movie_257179,1
actor_33528,movie_9745,1
actor_18293,movie_257179,1
actor_112081,movie_258574,1
actor_11889,movie_258574,1
actor_11889,movie_324824,1
actor_62147,movie_258574,1
actor_1117527,movie_258574,1
actor_1232175,movie_258574,1
actor_97065,movie_258574,1
actor_10489,movie_258574,1
actor_10489,movie_54007,1
actor_1418031,movie_258574,1
actor_8534,movie_26177,1
actor_8534,movie_79300,1
actor_8536,movie_26177,1
actor_187565,movie_26177,1
actor_52775,movie_26177,1
actor_1087707,movie_26177,1
actor_91351,movie_26177,1
actor_125047,movie_26177,1
actor_1087708,movie_26177,1
actor_1087709,movie_26177,1
actor_1087710,movie_26177,1
actor_201155,movie_26177,1
actor_936846,movie_26177,1
actor_43484,movie_26177,1
actor_163580,movie_26177,1
actor_157570,movie_26177,1
actor_160872,movie_26177,1
actor_164235,movie_26177,1
actor_46932,movie_26177,1
actor_163254,movie_26177,1
actor_170189,movie_26177,1
actor_177099,movie_26177,1
actor_74511,movie_26177,1
actor_149660,movie_26177,1
actor_14104,movie_26312,1
actor_14104,movie_9099,1
actor_14104,movie_9279,1
actor_128206,movie_26312,1
actor_95100,movie_26312,1
actor_95100,movie_50932,1
actor_35035,movie_26312,1
actor_66741,movie_26450,1
actor_66741,movie_9745,1
actor_74954,movie_26450,1
actor_74954,movie_54007,1
actor_74954,movie_76212,1
actor_85156,movie_26450,1
actor_9829,movie_26450,1
actor_37431,movie_26450,1
actor_52924,movie_26450,1
actor_130081,movie_267570,1
actor_78087,movie_267570,1
actor_1896600,movie_267570,1
actor_587478,movie_267570,1
actor_13726,movie_26787,1
actor_2453,movie_26787,1
actor_12836,movie_26787,1
actor_12836,movie_51043,1
actor_1292,movie_26787,1
actor_1323612,movie_26787,1
actor_11390,movie_26787,1
actor_11390,movie_29911,1
actor_5004,movie_26787,1
actor_11857,movie_26787,1
actor_5470,movie_26787,1
actor_400,movie_26787,1
actor_39188,movie_26787,1
actor_9126,movie_26787,1
actor_190383,movie_26787,1
actor_11282,movie_26787,1
actor_90451,movie_26787,1
actor_30320,movie_26787,1
actor_47874,movie_26787,1
actor_81267,movie_26787,1
actor_2247,movie_26787,1
actor_6587,movie_268716,1
actor_12134,movie_268716,1
actor_1272612,movie_268716,1
actor_1217783,movie_268716,1
actor_75465,movie_268716,1
actor_553778,movie_268716,1
actor_111883,movie_268716,1
actor_165827,movie_268716,1
actor_81295,movie_268716,1
actor_11158,movie_268716,1
actor_1196879,movie_268716,1
actor_825,movie_269038,1
actor_1318021,movie_269038,1
actor_2717,movie_269038,1
actor_2717,movie_77921,1
actor_230708,movie_269038,1
actor_1408567,movie_273735,1
actor_1408578,movie_273735,1
actor_129668,movie_273735,1
actor_102951,movie_273735,1
actor_31162,movie_273735,1
actor_31162,movie_29509,1
actor_31162,movie_44547,1
actor_1821857,movie_273735,1
actor_182201,movie_273735,1
actor_30689,movie_273735,1
actor_3150,movie_273735,1
actor_25541,movie_27681,1
actor_21320,movie_27681,1
actor_98530,movie_27681,1
actor_1176163,movie_27681,1
actor_98700,movie_27681,1
actor_98700,movie_70772,1
actor_10475,movie_27681,1
actor_1176968,movie_27681,1
actor_1176969,movie_27681,1
actor_114930,movie_27681,1
actor_31818,movie_27681,1
actor_1176970,movie_27681,1
actor_1176972,movie_27681,1
actor_38701,movie_27681,1
actor_984930,movie_27681,1
actor_1176973,movie_27681,1
actor_75599,movie_278846,1
actor_89452,movie_278846,1
actor_12851,movie_278934,1
actor_36055,movie_278934,1
actor_36055,movie_61898,1
actor_1229579,movie_278934,1
actor_75121,movie_278934,1
actor_83209,movie_278934,1
actor_45039,movie_281588,1
actor_45039,movie_55698,1
actor_105027,movie_281588,1
actor_1340706,movie_281588,1
actor_5176,movie_28559,1
actor_5176,movie_32139,1
actor_37042,movie_28559,1
actor_68898,movie_28559,1
actor_1471,movie_28559,1
actor_81416,movie_28559,1
actor_85157,movie_28559,1
actor_79739,movie_288901,1
actor_1906283,movie_288901,1
actor_1936,movie_288901,1
actor_56819,movie_291309,1
actor_160357,movie_291309,1
actor_1409775,movie_291309,1
actor_45924,movie_291309,1
actor_45924,movie_5833,1
actor_52283,movie_291309,1
actor_74362,movie_291309,1
actor_6166,movie_291309,1
actor_46995,movie_291309,1
actor_1382476,movie_291645,1
actor_12967,movie_291645,1
actor_13591,movie_291645,1
actor_13591,movie_39345,1
actor_13591,movie_39346,1
actor_13591,movie_9279,1
actor_18687,movie_291645,1
actor_69951,movie_291645,1
actor_69951,movie_36817,1
actor_58792,movie_291645,1
actor_62036,movie_29509,1
actor_62036,movie_79300,1
actor_62036,movie_92208,1
actor_5131,movie_29509,1
actor_53199,movie_29509,1
actor_98617,movie_29509,1
actor_98617,movie_44547,1
actor_41955,movie_29509,1
actor_21479,movie_29509,1
actor_99600,movie_29509,1
actor_97621,movie_29509,1
actor_97621,movie_30035,1
actor_97621,movie_61863,1
actor_1372421,movie_296717,1
actor_101784,movie_296717,1
actor_1217750,movie_296717,1
actor_1225535,movie_296717,1
actor_68187,movie_296717,1
actor_1242274,movie_296717,1
actor_1219172,movie_296717,1
actor_130643,movie_296717,1
actor_1037,movie_29911,1
actor_2440,movie_29911,1
actor_72100,movie_29911,1
actor_3064,movie_29911,1
actor_10731,movie_29911,1
actor_105229,movie_29911,1
actor_105230,movie_29911,1
actor_75778,movie_29911,1
actor_17476,movie_29911,1
actor_33848,movie_30035,1
actor_105595,movie_30035,1
actor_105596,movie_30035,1
actor_105597,movie_30035,1
actor_44686,movie_30035,1
actor_97902,movie_30035,1
actor_97902,movie_30731,1
actor_78859,movie_30035,1
actor_36040,movie_30035,1
actor_54564,movie_30035,1
actor_33016,movie_30035,1
actor_4090,movie_30285,1
actor_514,movie_30285,1
actor_2053,movie_30285,1
actor_2053,movie_9822,1
actor_3196,movie_30285,1
actor_8436,movie_30285,1
actor_8436,movie_30628,1
actor_8436,movie_30923,1
actor_8436,movie_47288,1
actor_8436,movie_7443,1
actor_8258,movie_30285,1
actor_24965,movie_30285,1
actor_59222,movie_30285,1
actor_59222,movie_57680,1
actor_15417,movie_30285,1
actor_151356,movie_30285,1
actor_60060,movie_30285,1
actor_31028,movie_3050,1
actor_31029,movie_3050,1
actor_31031,movie_3050,1
actor_66896,movie_3050,1
actor_66896,movie_34766,1
actor_5151,movie_3050,1
actor_1428580,movie_3050,1
actor_13,movie_3050,1
actor_13242,movie_3050,1
actor_14,movie_3050,1
actor_2632,movie_3050,1
actor_2632,movie_9099,1
actor_5469,movie_30628,1
actor_5469,movie_9837,1
actor_106612,movie_30628,1
actor_1666,movie_30628,1
actor_27820,movie_30628,1
actor_227,movie_30628,1
actor_27397,movie_30628,1
actor_83908,movie_30628,1
actor_4789,movie_30628,1
actor_3071,movie_30628,1
actor_1246,movie_30628,1
actor_1246,movie_4244,1
actor_3930,movie_30628,1
actor_1211934,movie_30628,1
actor_77637,movie_30628,1
actor_77637,movie_47168,1
actor_25136,movie_30628,1
actor_939,movie_30628,1
actor_175154,movie_30628,1
actor_1120,movie_30628,1
actor_3568,movie_30628,1
actor_97698,movie_30731,1
actor_106869,movie_30731,1
actor_106869,movie_61863,1
actor_83130,movie_30731,1
actor_98437,movie_30731,1
actor_164032,movie_30731,1
actor_164032,movie_44547,1
actor_9659,movie_30731,1
actor_9659,movie_44547,1
actor_83387,movie_30731,1
actor_83387,movie_44547,1
actor_106870,movie_30731,1
actor_106870,movie_44547,1
actor_97968,movie_30731,1
actor_83349,movie_30809,1
actor_1213786,movie_30809,1
actor_57108,movie_30809,1
actor_86267,movie_30809,1
actor_76669,movie_30809,1
actor_59238,movie_30809,1
actor_21028,movie_30809,1
actor_11157,movie_30809,1
actor_11157,movie_70773,1
actor_11157,movie_92208,1
actor_11157,movie_9447,1
actor_145106,movie_30809,1
actor_145106,movie_51985,1
actor_156940,movie_30809,1
actor_216447,movie_30809,1
actor_4940,movie_308620,1
actor_4940,movie_73527,1
actor_28004,movie_308620,1
actor_74365,movie_308620,1
actor_74365,movie_97930,1
actor_172667,movie_308620,1
actor_172667,movie_49425,1
actor_1234698,movie_308620,1
actor_119808,movie_308620,1
actor_85366,movie_308620,1
actor_158356,movie_308620,1
actor_158356,movie_36986,1
actor_158356,movie_81743,1
actor_159660,movie_308620,1
actor_1234935,movie_308620,1
actor_1234935,movie_9438,1
actor_53930,movie_30923,1
actor_2282,movie_30923,1
actor_519,movie_30923,1
actor_519,movie_9446,1
actor_519,movie_9837,1
actor_1062,movie_30923,1
actor_1062,movie_36986,1
actor_1062,movie_51268,1
actor_1062,movie_67357,1
actor_1062,movie_9444,1
actor_1062,movie_9849,1
actor_3460,movie_30923,1
actor_14501,movie_30923,1
actor_66606,movie_30923,1
actor_93839,movie_30923,1
actor_1220119,movie_30923,1
actor_57461,movie_30923,1
actor_79888,movie_30923,1
actor_79502,movie_30923,1
actor_133668,movie_30923,1
actor_202520,movie_30923,1
actor_39954,movie_30923,1
actor_39954,movie_48358,1
actor_1244466,movie_30923,1
actor_5531,movie_30923,1
actor_1228893,movie_30923,1
actor_1806668,movie_30923,1
actor_1806669,movie_30923,1
actor_1401233,movie_30923,1
actor_1329519,movie_30923,1
actor_192856,movie_30923,1
actor_30431,movie_30923,1
actor_24271,movie_30923,1
actor_1226181,movie_30923,1
actor_1541513,movie_30923,1
actor_31722,movie_30923,1
actor_112341,movie_30923,1
actor_1806672,movie_30923,1
actor_40946,movie_30923,1
actor_1714,movie_30923,1
actor_1806673,movie_30923,1
actor_1497199,movie_30923,1
actor_1434017,movie_30923,1
actor_1225782,movie_30923,1
actor_12691,movie_30923,1
actor_575818,movie_30923,1
actor_1806674,movie_30923,1
actor_1747344,movie_30923,1
actor_1811,movie_31183,1
actor_1811,movie_62410,1
actor_47096,movie_31183,1
actor_18793,movie_31183,1
actor_18793,movie_388903,1
actor_20240,movie_31183,1
actor_107733,movie_31183,1
actor_107733,movie_48358,1
actor_107733,movie_77945,1
actor_107734,movie_31183,1
actor_107735,movie_31183,1
actor_107735,movie_77945,1
actor_6637,movie_31183,1
actor_17787,movie_31183,1
actor_17477,movie_31183,1
actor_138411,movie_31183,1
actor_47458,movie_31220,1
actor_6751,movie_31220,1
actor_10871,movie_31220,1
actor_20814,movie_31220,1
actor_20814,movie_329873,1
actor_20814,movie_38223,1
actor_10437,movie_31220,1
actor_10437,movie_4244,1
actor_17401,movie_31220,1
actor_36802,movie_31220,1
actor_18973,movie_31220,1
actor_18973,movie_31388,1
actor_130129,movie_31388,1
actor_130129,movie_79861,1
actor_1819,movie_31388,1
actor_83187,movie_31388,1
actor_1386672,movie_31388,1
actor_203950,movie_31388,1
actor_1367499,movie_31388,1
actor_3160,movie_31473,1
actor_40349,movie_31473,1
actor_22082,movie_31473,1
actor_22082,movie_72850,1
actor_22082,movie_9444,1
actor_22082,movie_9732,1
actor_108099,movie_31473,1
actor_141,movie_31473,1
actor_54859,movie_31473,1
actor_54859,movie_64202,1
actor_108100,movie_31473,1
actor_31365,movie_31473,1
actor_2372,movie_31473,1
actor_2372,movie_7450,1
actor_2372,movie_75864,1
actor_172440,movie_317414,1
actor_20847,movie_317414,1
actor_20847,movie_9732,1
actor_62816,movie_317414,1
actor_105390,movie_317414,1
actor_9298,movie_317414,1
actor_102755,movie_31920,1
actor_108619,movie_31920,1
actor_14464,movie_31920,1
actor_10648,movie_31920,1
actor_7053,movie_31920,1
actor_108620,movie_31920,1
actor_19901,movie_31920,1
actor_4786,movie_31920,1
actor_26657,movie_31920,1
actor_44613,movie_31920,1
actor_34515,movie_31920,1
actor_31924,movie_31920,1
actor_32990,movie_31920,1
actor_30710,movie_31920,1
actor_56881,movie_320921,1
actor_21105,movie_320921,1
actor_64457,movie_320921,1
actor_18190,movie_320921,1
actor_18190,movie_45242,1
actor_30369,movie_320921,1
actor_42174,movie_320921,1
actor_6717,movie_32139,1
actor_46423,movie_32139,1
actor_108939,movie_32139,1
actor_108939,movie_39345,1
actor_108939,movie_39346,1
actor_33350,movie_32139,1
actor_86187,movie_32139,1
actor_53552,movie_32139,1
actor_63470,movie_32139,1
actor_94700,movie_32139,1
actor_24512,movie_32139,1
actor_108940,movie_32139,1
actor_108940,movie_72732,1
actor_108940,movie_72734,1
actor_108941,movie_32139,1
actor_108942,movie_32139,1
actor_108942,movie_54004,1
actor_108943,movie_32139,1
actor_108943,movie_9447,1
actor_11395,movie_32302,1
actor_166701,movie_32302,1
actor_34735,movie_32302,1
actor_113713,movie_32302,1
actor_1200718,movie_32302,1
actor_80283,movie_32302,1
actor_80284,movie_32302,1
actor_184356,movie_32302,1
actor_151381,movie_32302,1
actor_1200719,movie_32302,1
actor_1200720,movie_32302,1
actor_1200721,movie_32302,1
actor_176035,movie_32302,1
actor_953688,movie_32302,1
actor_953688,movie_75864,1
actor_1200725,movie_32302,1
actor_1200726,movie_32302,1
actor_212185,movie_32302,1
actor_1066471,movie_32302,1
actor_216944,movie_32302,1
actor_1200727,movie_32302,1
actor_1200728,movie_32302,1
actor_993503,movie_32302,1
actor_1200729,movie_32302,1
actor_1200765,movie_32302,1
actor_1200766,movie_32302,1
actor_1200767,movie_32302,1
actor_1200768,movie_32302,1
actor_173133,movie_32302,1
actor_1200769,movie_32302,1
actor_1200770,movie_32302,1
actor_158145,movie_32302,1
actor_99168,movie_32302,1
actor_1200771,movie_32302,1
actor_1200772,movie_32302,1
actor_1200773,movie_32302,1
actor_1200775,movie_32302,1
actor_1200776,movie_32302,1
actor_965890,movie_32302,1
actor_1200777,movie_32302,1
actor_1200778,movie_32302,1
actor_1200779,movie_32302,1
actor_958166,movie_32302,1
actor_982702,movie_32302,1
actor_1200780,movie_32302,1
actor_1200781,movie_32302,1
actor_1200782,movie_32302,1
actor_948564,movie_32302,1
actor_1200783,movie_32302,1
actor_1200784,movie_32302,1
actor_106359,movie_32302,1
actor_106359,movie_39345,1
actor_14407,movie_32308,1
actor_11627,movie_32308,1
actor_8767,movie_32308,1
actor_9295,movie_32308,1
actor_177049,movie_32308,1
actor_31006,movie_32308,1
actor_31006,movie_75864,1
actor_156119,movie_324824,1
actor_182177,movie_324824,1
actor_92255,movie_324824,1
actor_11357,movie_32643,1
actor_11357,movie_72376,1
actor_10727,movie_32643,1
actor_104998,movie_32643,1
actor_18916,movie_32643,1
actor_15864,movie_32643,1
actor_133952,movie_32643,1
actor_27772,movie_326706,1
actor_41249,movie_326706,1
actor_34612,movie_326706,1
actor_49001,movie_326706,1
actor_116341,movie_326706,1
actor_1539560,movie_326706,1
actor_4095,movie_326706,1
actor_1838743,movie_326706,1
actor_1838744,movie_326706,1
actor_92079,movie_326706,1
actor_1838745,movie_326706,1
actor_1234925,movie_326706,1
actor_77039,movie_326706,1
actor_1182649,movie_326706,1
actor_158374,movie_326706,1
actor_1178114,movie_326706,1
actor_16559,movie_326706,1
actor_16559,movie_36986,1
actor_51800,movie_326706,1
actor_51800,movie_81743,1
actor_1236404,movie_326706,1
actor_1046285,movie_326706,1
actor_83665,movie_329873,1
actor_108642,movie_329873,1
actor_8398,movie_329873,1
actor_1226592,movie_329873,1
actor_80112,movie_329873,1
actor_555532,movie_329873,1
actor_1456385,movie_329873,1
actor_4758,movie_332,1
actor_4758,movie_49425,1
actor_49961,movie_332,1
actor_49961,movie_38223,1
actor_49961,movie_73961,1
actor_60252,movie_332,1
actor_15105,movie_332,1
actor_12850,movie_332,1
actor_85931,movie_332,1
actor_11794,movie_332,1
actor_11794,movie_57680,1
actor_16619,movie_332,1
actor_10460,movie_332,1
actor_61709,movie_332,1
actor_81414,movie_332,1
actor_1813644,movie_332,1
actor_213896,movie_335496,1
actor_149777,movie_335496,1
actor_1453212,movie_335496,1
actor_1453213,movie_335496,1
actor_1453214,movie_335496,1
actor_91034,movie_335496,1
actor_71791,movie_335496,1
actor_1453215,movie_335496,1
actor_156432,movie_33660,1
actor_21030,movie_33660,1
actor_21030,movie_77946,1
actor_6914,movie_33660,1
actor_6914,movie_77946,1
actor_4783,movie_34037,1
actor_1331,movie_34037,1
actor_1331,movie_9447,1
actor_118,movie_34037,1
actor_138578,movie_34037,1
actor_144094,movie_34037,1
actor_144095,movie_34037,1
actor_110485,movie_34037,1
actor_144096,movie_34037,1
actor_118174,movie_34037,1
actor_144097,movie_34037,1
actor_144098,movie_34037,1
actor_144098,movie_89868,1
actor_3051,movie_34037,1
actor_94793,movie_34037,1
actor_201868,movie_34170,1
actor_12799,movie_34170,1
actor_21197,movie_34170,1
actor_21197,movie_7450,1
actor_9625,movie_34170,1
actor_10297,movie_34170,1
actor_65827,movie_34170,1
actor_3907,movie_34170,1
actor_12219,movie_341949,1
actor_1217331,movie_341949,1
actor_1470951,movie_341986,1
actor_1076562,movie_341986,1
actor_1470952,movie_341986,1
actor_1470953,movie_341986,1
actor_1470954,movie_341986,1
actor_1470955,movie_341986,1
actor_1017469,movie_341986,1
actor_1017469,movie_54920,1
actor_1228792,movie_341986,1
actor_166994,movie_341986,1
actor_60741,movie_341986,1
actor_60741,movie_48246,1
actor_1470956,movie_341986,1
actor_14893,movie_34600,1
actor_74627,movie_34600,1
actor_1106072,movie_34600,1
actor_193319,movie_34600,1
actor_67849,movie_34729,1
actor_67849,movie_36251,1
actor_67849,movie_443977,1
actor_67849,movie_54004,1
actor_67849,movie_56195,1
actor_67849,movie_96101,1
actor_67848,movie_34729,1
actor_67848,movie_36251,1
actor_67848,movie_443977,1
actor_67848,movie_54004,1
actor_67848,movie_56195,1
actor_67848,movie_96101,1
actor_30697,movie_34729,1
actor_100961,movie_34729,1
actor_76512,movie_34729,1
actor_44838,movie_34729,1
actor_1542,movie_34729,1
actor_1689910,movie_34729,1
actor_155577,movie_34729,1
actor_1689911,movie_34729,1
actor_1621373,movie_34729,1
actor_1232834,movie_34729,1
actor_1689912,movie_34729,1
actor_1213283,movie_34729,1
actor_1689913,movie_34729,1
actor_78567,movie_34729,1
actor_1689914,movie_34729,1
actor_155023,movie_34729,1
actor_1689915,movie_34729,1
actor_52043,movie_34766,1
actor_104803,movie_34766,1
actor_28416,movie_34766,1
actor_112959,movie_34766,1
actor_112960,movie_34766,1
actor_104802,movie_34766,1
actor_112961,movie_34766,1
actor_18980,movie_35215,1
actor_57136,movie_35215,1
actor_114020,movie_35215,1
actor_114021,movie_35215,1
actor_114021,movie_45128,1
actor_114023,movie_35215,1
actor_107308,movie_35215,1
actor_114024,movie_35215,1
actor_114025,movie_35215,1
actor_114026,movie_35215,1
actor_114027,movie_35215,1
actor_114028,movie_35215,1
actor_114029,movie_35215,1
actor_30608,movie_352465,1
actor_7008,movie_352465,1
actor_131240,movie_352465,1
actor_1492207,movie_352465,1
actor_213755,movie_352465,1
actor_1224845,movie_352465,1
actor_1492208,movie_352465,1
actor_548202,movie_352465,1
actor_1327147,movie_352465,1
actor_102853,movie_352465,1
actor_449,movie_352465,1
actor_145151,movie_352477,1
actor_404,movie_352477,1
actor_404,movie_43274,1
actor_82433,movie_352477,1
actor_1492238,movie_352477,1
actor_18917,movie_352477,1
actor_553983,movie_352477,1
actor_17343,movie_352477,1
actor_30366,movie_352477,1
actor_42824,movie_352477,1
actor_3132,movie_353019,1
actor_122154,movie_353019,1
actor_43663,movie_353019,1
actor_922344,movie_353019,1
actor_29408,movie_3587,1
actor_18331,movie_3587,1
actor_33157,movie_3587,1
actor_33613,movie_3587,1
actor_33614,movie_3587,1
actor_162747,movie_36251,1
actor_107040,movie_36251,1
actor_4887,movie_36251,1
actor_4887,movie_39242,1
actor_134083,movie_36251,1
actor_133799,movie_36251,1
actor_76640,movie_36251,1
actor_189896,movie_36251,1
actor_185085,movie_36251,1
actor_185085,movie_61898,1
actor_84248,movie_36251,1
actor_200613,movie_36251,1
actor_1689928,movie_36251,1
actor_1689929,movie_36251,1
actor_174580,movie_36251,1
actor_1689930,movie_36251,1
actor_39995,movie_36251,1
actor_41217,movie_36301,1
actor_41217,movie_88773,1
actor_77920,movie_36301,1
actor_11076,movie_36301,1
actor_9562,movie_36301,1
actor_78619,movie_36301,1
actor_78619,movie_87694,1
actor_4253,movie_36301,1
actor_6573,movie_36797,1
actor_2222,movie_36797,1
actor_12645,movie_36797,1
actor_12645,movie_79818,1
actor_25544,movie_36797,1
actor_21490,movie_36797,1
actor_27530,movie_36797,1
actor_10409,movie_36797,1
actor_10409,movie_39345,1
actor_1466402,movie_36797,1
actor_1885589,movie_36797,1
actor_1230690,movie_36797,1
actor_1354257,movie_36797,1
actor_180527,movie_36797,1
actor_77859,movie_36797,1
actor_124087,movie_36797,1
actor_85421,movie_36817,1
actor_102570,movie_36817,1
actor_15070,movie_36817,1
actor_7073,movie_36817,1
actor_12223,movie_36817,1
actor_170252,movie_36817,1
actor_8872,movie_36929,1
actor_105962,movie_36929,1
actor_10556,movie_36929,1
actor_87003,movie_36929,1
actor_87003,movie_9279,1
actor_27726,movie_36929,1
actor_49265,movie_36968,1
actor_49265,movie_9820,1
actor_57167,movie_36968,1
actor_90131,movie_36968,1
actor_46899,movie_36968,1
actor_46899,movie_81743,1
actor_77897,movie_36968,1
actor_116571,movie_36968,1
actor_116572,movie_36968,1
actor_27144,movie_36968,1
actor_15900,movie_36986,1
actor_59451,movie_36986,1
actor_59451,movie_73961,1
actor_113927,movie_36986,1
actor_20188,movie_36986,1
actor_20188,movie_85951,1
actor_1235638,movie_36986,1
actor_50094,movie_36986,1
actor_1560523,movie_36986,1
actor_1429556,movie_36986,1
actor_116049,movie_36986,1
actor_1560525,movie_36986,1
actor_1235372,movie_36986,1
actor_90399,movie_36986,1
actor_1560527,movie_36986,1
actor_90396,movie_36986,1
actor_1414727,movie_36986,1
actor_1237725,movie_36986,1
actor_43612,movie_36986,1
actor_1560529,movie_36986,1
actor_114473,movie_36986,1
actor_60649,movie_36986,1
actor_1457276,movie_36986,1
actor_1235517,movie_36986,1
actor_1087659,movie_36986,1
actor_1766084,movie_36986,1
actor_5494,movie_36986,1
actor_51580,movie_37244,1
actor_215830,movie_37244,1
actor_12901,movie_37244,1
actor_12901,movie_61550,1
actor_53123,movie_37244,1
actor_105626,movie_37244,1
actor_167718,movie_37244,1
actor_25879,movie_37244,1
actor_21711,movie_37244,1
actor_21711,movie_82401,1
actor_12929,movie_38223,1
actor_52475,movie_38223,1
actor_4938,movie_38223,1
actor_4938,movie_70773,1
actor_19976,movie_38223,1
actor_82519,movie_38225,1
actor_50398,movie_38225,1
actor_3713,movie_38225,1
actor_352,movie_388903,1
actor_1488449,movie_388903,1
actor_15824,movie_388903,1
actor_122202,movie_39115,1
actor_44038,movie_39115,1
actor_122203,movie_39115,1
actor_38670,movie_39115,1
actor_38670,movie_64269,1
actor_1198509,movie_39128,1
actor_16479,movie_39242,1
actor_16479,movie_9745,1
actor_78003,movie_39242,1
actor_44203,movie_39242,1
actor_17486,movie_39242,1
actor_54498,movie_39242,1
actor_190895,movie_39242,1
actor_1224846,movie_39242,1
actor_124315,movie_39242,1
actor_1239388,movie_39242,1
actor_1528365,movie_39242,1
actor_1233631,movie_39242,1
actor_14702,movie_39345,1
actor_14702,movie_62410,1
actor_3267,movie_39345,1
actor_5958,movie_39345,1
actor_178926,movie_39345,1
actor_31471,movie_39345,1
actor_31471,movie_9279,1
actor_27763,movie_39345,1
actor_50719,movie_39345,1
actor_101850,movie_39345,1
actor_77075,movie_39345,1
actor_131667,movie_39345,1
actor_26472,movie_39346,1
actor_26472,movie_42424,1
actor_26472,movie_43274,1
actor_92509,movie_39346,1
actor_45922,movie_39346,1
actor_45922,movie_5833,1
actor_45922,movie_81379,1
actor_86007,movie_39346,1
actor_24342,movie_39346,1
actor_5578,movie_39346,1
actor_1603430,movie_400422,1
actor_1603430,movie_403863,1
actor_68937,movie_400422,1
actor_1629386,movie_400422,1
actor_1360855,movie_400422,1
actor_1360855,movie_403863,1
actor_1359582,movie_400422,1
actor_1359582,movie_403863,1
actor_1624591,movie_400422,1
actor_1624591,movie_403863,1
actor_1050574,movie_400422,1
actor_1604209,movie_400422,1
actor_1629387,movie_400422,1
actor_1629388,movie_400422,1
actor_1629389,movie_400422,1
actor_1615018,movie_400422,1
actor_1617110,movie_400422,1
actor_1346264,movie_400422,1
actor_1346264,movie_403863,1
actor_1629390,movie_400422,1
actor_1625424,movie_400422,1
actor_1629391,movie_400422,1
actor_9626,movie_40344,1
actor_66288,movie_40344,1
actor_9632,movie_40344,1
actor_18262,movie_40344,1
actor_18262,movie_73961,1
actor_18262,movie_9822,1
actor_1616131,movie_403863,1
actor_1504016,movie_403863,1
actor_994573,movie_403863,1
actor_941548,movie_403863,1
actor_941548,movie_79300,1
actor_1191369,movie_403863,1
actor_1510000,movie_403863,1
actor_1360856,movie_403863,1
actor_1622565,movie_403863,1
actor_1605519,movie_403863,1
actor_1624399,movie_403863,1
actor_1039108,movie_403863,1
actor_1504026,movie_403863,1
actor_1661452,movie_403863,1
actor_1191370,movie_403863,1
actor_1653407,movie_403863,1
actor_1360840,movie_403863,1
actor_8167,movie_40688,1
actor_778,movie_40688,1
actor_2778,movie_40688,1
actor_8544,movie_40688,1
actor_3205,movie_40688,1
actor_22132,movie_40688,1
actor_108438,movie_40688,1
actor_157904,movie_40688,1
actor_69415,movie_40697,1
actor_69415,movie_9732,1
actor_1214359,movie_40697,1
actor_49877,movie_407534,1
actor_130935,movie_407534,1
actor_130935,movie_85951,1
actor_68764,movie_407534,1
actor_279018,movie_407534,1
actor_232523,movie_407534,1
actor_60433,movie_407534,1
actor_40352,movie_416890,1
actor_40352,movie_47052,1
actor_40352,movie_72732,1
actor_40352,movie_72734,1
actor_12454,movie_416890,1
actor_567010,movie_416890,1
actor_567010,movie_72732,1
actor_567010,movie_72734,1
actor_194804,movie_416890,1
actor_194804,movie_72732,1
actor_106833,movie_416890,1
actor_205,movie_41831,1
actor_205,movie_43274,1
actor_205,movie_67357,1
actor_205,movie_9444,1
actor_18260,movie_41831,1
actor_39568,movie_41831,1
actor_67015,movie_41831,1
actor_8183,movie_42424,1
actor_16743,movie_42424,1
actor_128120,movie_42424,1
actor_128122,movie_42424,1
actor_128123,movie_42424,1
actor_128124,movie_42424,1
actor_78885,movie_42424,1
actor_128125,movie_42424,1
actor_128126,movie_42424,1
actor_35552,movie_42424,1
actor_8186,movie_42424,1
actor_8186,movie_55698,1
actor_62,movie_4244,1
actor_35654,movie_4244,1
actor_8687,movie_4244,1
actor_1473,movie_4244,1
actor_15253,movie_4244,1
actor_35656,movie_4244,1
actor_35658,movie_4244,1
actor_55536,movie_4244,1
actor_154224,movie_4244,1
actor_160292,movie_4244,1
actor_143204,movie_4244,1
actor_1564336,movie_4244,1
actor_87186,movie_4244,1
actor_152802,movie_4244,1
actor_1724888,movie_4244,1
actor_10136,movie_4244,1
actor_1724889,movie_4244,1
actor_130778,movie_4244,1
actor_58512,movie_4244,1
actor_196046,movie_4244,1
actor_155560,movie_4244,1
actor_51956,movie_4244,1
actor_1724893,movie_4244,1
actor_1090382,movie_4244,1
actor_552266,movie_4244,1
actor_1724894,movie_4244,1
actor_168924,movie_4244,1
actor_53778,movie_4244,1
actor_1216891,movie_4244,1
actor_49921,movie_4244,1
actor_1724895,movie_4244,1
actor_1724874,movie_4244,1
actor_44127,movie_4244,1
actor_1213613,movie_4244,1
actor_18461,movie_4244,1
actor_18461,movie_9438,1
actor_160051,movie_4244,1
actor_1219637,movie_4244,1
actor_1724901,movie_4244,1
actor_1724902,movie_4244,1
actor_1724903,movie_4244,1
actor_1724904,movie_4244,1
actor_1503028,movie_4244,1
actor_567122,movie_4244,1
actor_1724906,movie_4244,1
actor_105262,movie_4244,1
actor_1502785,movie_4244,1
actor_14408,movie_4244,1
actor_1254189,movie_4244,1
actor_1724907,movie_4244,1
actor_1129737,movie_4244,1
actor_168875,movie_4244,1
actor_1724908,movie_4244,1
actor_33285,movie_42884,1
actor_8851,movie_42884,1
actor_89719,movie_42884,1
actor_19456,movie_43274,1
actor_8316,movie_43274,1
actor_154178,movie_43274,1
actor_110800,movie_43274,1
actor_66986,movie_43274,1
actor_94904,movie_43274,1
actor_1216985,movie_43274,1
actor_160032,movie_43274,1
actor_41686,movie_44349,1
actor_3489,movie_44349,1
actor_177872,movie_44349,1
actor_153896,movie_44349,1
actor_8963,movie_44547,1
actor_15988,movie_44547,1
actor_31161,movie_44547,1
actor_130952,movie_44547,1
actor_42239,movie_44547,1
actor_130954,movie_44547,1
actor_94653,movie_44547,1
actor_130955,movie_44547,1
actor_98619,movie_44547,1
actor_30683,movie_44547,1
actor_30683,movie_61863,1
actor_59512,movie_44547,1
actor_46912,movie_44547,1
actor_130953,movie_44547,1
actor_99763,movie_44547,1
actor_11665,movie_45128,1
actor_67379,movie_45128,1
actor_130104,movie_45128,1
actor_84323,movie_45128,1
actor_7167,movie_45242,1
actor_12950,movie_45242,1
actor_71727,movie_45242,1
actor_96010,movie_45242,1
actor_57674,movie_45242,1
actor_23974,movie_45242,1
actor_23974,movie_64269,1
actor_62551,movie_45242,1
actor_62551,movie_926,1
actor_1868781,movie_45242,1
actor_167189,movie_45242,1
actor_1632613,movie_45242,1
actor_1868782,movie_45242,1
actor_1868783,movie_45242,1
actor_1868785,movie_45242,1
actor_151335,movie_45242,1
actor_112939,movie_459948,1
actor_1227526,movie_459948,1
actor_4943,movie_459948,1
actor_14671,movie_459948,1
actor_14671,movie_60432,1
actor_1361579,movie_459948,1
actor_1213118,movie_459948,1
actor_10707,movie_47168,1
actor_51812,movie_47168,1
actor_11275,movie_47168,1
actor_1369,movie_47168,1
actor_383,movie_47168,1
actor_53328,movie_47168,1
actor_53328,movie_7443,1
actor_138175,movie_47168,1
actor_42663,movie_47168,1
actor_117555,movie_47168,1
actor_95047,movie_47168,1
actor_20243,movie_47168,1
actor_61367,movie_47168,1
actor_1234582,movie_47168,1
actor_42570,movie_47168,1
actor_218373,movie_47168,1
actor_1356007,movie_47168,1
actor_140452,movie_47168,1
actor_1356009,movie_47168,1
actor_139216,movie_47288,1
actor_58954,movie_47288,1
actor_1141113,movie_47288,1
actor_87019,movie_47288,1
actor_130,movie_47288,1
actor_156269,movie_47288,1
actor_30694,movie_48246,1
actor_30696,movie_48246,1
actor_1910979,movie_483003,1
actor_1212737,movie_483003,1
actor_2387,movie_48358,1
actor_2387,movie_9837,1
actor_9206,movie_48358,1
actor_9206,movie_9732,1
actor_40949,movie_48358,1
actor_20768,movie_48358,1
actor_10655,movie_48358,1
actor_1219365,movie_48358,1
actor_110333,movie_48358,1
actor_1228960,movie_48358,1
actor_1256066,movie_48358,1
actor_68122,movie_49076,1
actor_56890,movie_49076,1
actor_56890,movie_53318,1
actor_56890,movie_9438,1
actor_64811,movie_49076,1
actor_83433,movie_49076,1
actor_109,movie_49146,1
actor_2482,movie_49146,1
actor_59197,movie_49425,1
actor_124350,movie_49425,1
actor_43429,movie_49425,1
actor_1923281,movie_49425,1
actor_43247,movie_49425,1
actor_1109370,movie_49425,1
actor_1239505,movie_49425,1
actor_2464,movie_49478,1
actor_533016,movie_49478,1
actor_533016,movie_76212,1
actor_6407,movie_49478,1
actor_995587,movie_49478,1
actor_83414,movie_50932,1
actor_73016,movie_50932,1
actor_21063,movie_50932,1
actor_151098,movie_51043,1
actor_20056,movie_51043,1
actor_8319,movie_51043,1
actor_659,movie_51043,1
actor_1348858,movie_51043,1
actor_987040,movie_51043,1
actor_49346,movie_51043,1
actor_42593,movie_51043,1
actor_89635,movie_51043,1
actor_97165,movie_51043,1
actor_184881,movie_51043,1
actor_47000,movie_51043,1
actor_10427,movie_51107,1
actor_10427,movie_57752,1
actor_144065,movie_51398,1
actor_78959,movie_51398,1
actor_127349,movie_51398,1
actor_144067,movie_51398,1
actor_144069,movie_51398,1
actor_144070,movie_51398,1
actor_1193183,movie_51398,1
actor_1230291,movie_51398,1
actor_1553059,movie_51398,1
actor_1530795,movie_51398,1
actor_60158,movie_52193,1
actor_19137,movie_52193,1
actor_113905,movie_52508,1
actor_14416,movie_52508,1
actor_14416,movie_61550,1
actor_52082,movie_52508,1
actor_1087584,movie_52508,1
actor_14469,movie_53105,1
actor_4138,movie_53105,1
actor_71900,movie_53105,1
actor_13445,movie_53105,1
actor_21246,movie_53318,1
actor_147830,movie_53318,1
actor_147831,movie_53318,1
actor_1116998,movie_53318,1
actor_1099144,movie_53318,1
actor_55708,movie_53318,1
actor_1116999,movie_53318,1
actor_231650,movie_53318,1
actor_1222446,movie_53318,1
actor_161908,movie_54004,1
actor_35521,movie_54004,1
actor_17163,movie_54004,1
actor_119586,movie_54004,1
actor_538321,movie_54004,1
actor_1429569,movie_54004,1
actor_160349,movie_54004,1
actor_1689919,movie_54004,1
actor_159758,movie_54004,1
actor_1689921,movie_54004,1
actor_1293989,movie_54004,1
actor_1672975,movie_54004,1
actor_1689926,movie_54004,1
actor_42169,movie_54007,1
actor_63935,movie_54007,1
actor_180838,movie_54007,1
actor_181527,movie_54007,1
actor_18972,movie_54007,1
actor_155494,movie_54007,1
actor_201169,movie_54007,1
actor_197872,movie_54007,1
actor_18677,movie_54007,1
actor_167638,movie_54920,1
actor_94011,movie_54920,1
actor_71519,movie_54920,1
actor_132351,movie_54920,1
actor_1116660,movie_54920,1
actor_1795052,movie_54920,1
actor_1219380,movie_54920,1
actor_32798,movie_54920,1
actor_98082,movie_55698,1
actor_83037,movie_55698,1
actor_154038,movie_55698,1
actor_1664547,movie_55698,1
actor_1793218,movie_55698,1
actor_1733359,movie_55698,1
actor_1225977,movie_55698,1
actor_1793219,movie_55698,1
actor_126471,movie_56195,1
actor_126471,movie_63872,1
actor_183434,movie_56195,1
actor_139542,movie_56195,1
actor_67383,movie_56195,1
actor_181585,movie_56195,1
actor_277081,movie_56195,1
actor_179289,movie_56195,1
actor_104195,movie_56195,1
actor_162376,movie_56195,1
actor_168331,movie_56195,1
actor_157685,movie_56195,1
actor_585,movie_56217,1
actor_5563,movie_56281,1
actor_16475,movie_56281,1
actor_78398,movie_56281,1
actor_66804,movie_56281,1
actor_8874,movie_56281,1
actor_1236,movie_56281,1
actor_100653,movie_56281,1
actor_70775,movie_56281,1
actor_52057,movie_56281,1
actor_174353,movie_56281,1
actor_87819,movie_56281,1
actor_81726,movie_56281,1
actor_45649,movie_56281,1
actor_6951,movie_56281,1
actor_16897,movie_57680,1
actor_18248,movie_57680,1
actor_1902,movie_57680,1
actor_150080,movie_57680,1
actor_37825,movie_57680,1
actor_10939,movie_57680,1
actor_991318,movie_57680,1
actor_60118,movie_57680,1
actor_582892,movie_57680,1
actor_939370,movie_57680,1
actor_77522,movie_57680,1
actor_97598,movie_57680,1
actor_1795180,movie_57680,1
actor_226537,movie_57680,1
actor_4690,movie_58242,1
actor_78717,movie_58242,1
actor_78720,movie_58242,1
actor_82785,movie_58242,1
actor_78723,movie_58242,1
actor_1763175,movie_58242,1
actor_45923,movie_5833,1
actor_45926,movie_5833,1
actor_45927,movie_5833,1
actor_11617,movie_59715,1
actor_1775418,movie_59715,1
actor_104483,movie_59715,1
actor_1775419,movie_59715,1
actor_583061,movie_59715,1
actor_12410,movie_60432,1
actor_19185,movie_60432,1
actor_1775703,movie_60432,1
actor_172305,movie_60432,1
actor_1618218,movie_60432,1
actor_133593,movie_60432,1
actor_173756,movie_60432,1
actor_29710,movie_61550,1
actor_37252,movie_61550,1
actor_233298,movie_61550,1
actor_38711,movie_61550,1
actor_38711,movie_70772,1
actor_156780,movie_61550,1
actor_233299,movie_61550,1
actor_174241,movie_61550,1
actor_233300,movie_61550,1
actor_233301,movie_61550,1
actor_233302,movie_61550,1
actor_233303,movie_61550,1
actor_233304,movie_61550,1
actor_161420,movie_61550,1
actor_8331,movie_61863,1
actor_7631,movie_61863,1
actor_65404,movie_61863,1
actor_4133,movie_61863,1
actor_31155,movie_61863,1
actor_1351481,movie_61898,1
actor_1351482,movie_61898,1
actor_7039,movie_61898,1
actor_535181,movie_61898,1
actor_60908,movie_61898,1
actor_1351483,movie_61898,1
actor_7007,movie_61898,1
actor_1351497,movie_61898,1
actor_1351501,movie_61898,1
actor_106711,movie_61898,1
actor_5699,movie_61898,1
actor_1162,movie_61898,1
actor_180917,movie_61898,1
actor_6541,movie_61898,1
actor_125686,movie_61898,1
actor_120323,movie_61898,1
actor_34971,movie_61898,1
actor_94884,movie_61898,1
actor_1218206,movie_61898,1
actor_10210,movie_61898,1
actor_14905,movie_61898,1
actor_1351507,movie_61898,1
actor_1351508,movie_61898,1
actor_1351508,movie_85867,1
actor_60091,movie_61898,1
actor_159647,movie_61898,1
actor_216210,movie_61898,1
actor_82096,movie_61898,1
actor_1240748,movie_61898,1
actor_56731,movie_62410,1
actor_1042690,movie_62410,1
actor_1392795,movie_62410,1
actor_64826,movie_63872,1
actor_155864,movie_63872,1
actor_33716,movie_63872,1
actor_38761,movie_63872,1
actor_84613,movie_63872,1
actor_63474,movie_63872,1
actor_63474,movie_92208,1
actor_238121,movie_63872,1
actor_6609,movie_63872,1
actor_53669,movie_63872,1
actor_51518,movie_63872,1
actor_80245,movie_63872,1
actor_160253,movie_63872,1
actor_238122,movie_63872,1
actor_1198529,movie_63957,1
actor_4160,movie_63957,1
actor_102749,movie_63957,1
actor_102749,movie_85951,1
actor_37430,movie_63957,1
actor_33337,movie_63957,1
actor_85811,movie_63957,1
actor_51576,movie_63988,1
actor_590,movie_63988,1
actor_116579,movie_63988,1
actor_238399,movie_63988,1
actor_24368,movie_63988,1
actor_24368,movie_9447,1
actor_137391,movie_63988,1
actor_181661,movie_63988,1
actor_55267,movie_63988,1
actor_180728,movie_63988,1
actor_2713,movie_64202,1
actor_83699,movie_64265,1
actor_57404,movie_64265,1
actor_88599,movie_64265,1
actor_179646,movie_64265,1
actor_238877,movie_64265,1
actor_161439,movie_64265,1
actor_181590,movie_64265,1
actor_238878,movie_64265,1
actor_238879,movie_64265,1
actor_238880,movie_64265,1
actor_124713,movie_64265,1
actor_238882,movie_64265,1
actor_191468,movie_64265,1
actor_7144,movie_64265,1
actor_238892,movie_64269,1
actor_238893,movie_64269,1
actor_153996,movie_64269,1
actor_174967,movie_64269,1
actor_91387,movie_64269,1
actor_238894,movie_64269,1
actor_108210,movie_67357,1
actor_196765,movie_67357,1
actor_63791,movie_67357,1
actor_52288,movie_67357,1
actor_159588,movie_67357,1
actor_174932,movie_67357,1
actor_15319,movie_69274,1
actor_164275,movie_69274,1
actor_43264,movie_69274,1
actor_94959,movie_69281,1
actor_116,movie_69281,1
actor_72855,movie_69281,1
actor_32357,movie_69281,1
actor_53351,movie_69281,1
actor_101908,movie_69921,1
actor_590197,movie_69921,1
actor_15552,movie_69921,1
actor_29091,movie_69921,1
actor_1465471,movie_69921,1
actor_112376,movie_70772,1
actor_63732,movie_70772,1
actor_78311,movie_70772,1
actor_97721,movie_70772,1
actor_559658,movie_70772,1
actor_237383,movie_70772,1
actor_559659,movie_70772,1
actor_177919,movie_70772,1
actor_229200,movie_70772,1
actor_559660,movie_70772,1
actor_155028,movie_70772,1
actor_559661,movie_70772,1
actor_154509,movie_70772,1
actor_559662,movie_70772,1
actor_148643,movie_70772,1
actor_559663,movie_70772,1
actor_36810,movie_70773,1
actor_16213,movie_70773,1
actor_158769,movie_70773,1
actor_91561,movie_70773,1
actor_559664,movie_70773,1
actor_559665,movie_70773,1
actor_559666,movie_70773,1
actor_24967,movie_72376,1
actor_232,movie_72753,1
actor_53862,movie_72753,1
actor_149512,movie_72753,1
actor_154019,movie_72753,1
actor_55154,movie_72753,1
actor_24525,movie_72850,1
actor_24525,movie_81367,1
actor_97943,movie_72850,1
actor_64948,movie_72850,1
actor_290,movie_72850,1
actor_62866,movie_72956,1
actor_113286,movie_72956,1
actor_62032,movie_72956,1
actor_1245,movie_73257,1
actor_1245,movie_9714,1
actor_8170,movie_73257,1
actor_15789,movie_73257,1
actor_15789,movie_7450,1
actor_15789,movie_9714,1
actor_980842,movie_73257,1
actor_4730,movie_73527,1
actor_43311,movie_73527,1
actor_78412,movie_73527,1
actor_64670,movie_73527,1
actor_26510,movie_73961,1
actor_13027,movie_73961,1
actor_177165,movie_73961,1
actor_80742,movie_73961,1
actor_80742,movie_9279,1
actor_21818,movie_73961,1
actor_65748,movie_73961,1
actor_153884,movie_73961,1
actor_9191,movie_7443,1
actor_11356,movie_7443,1
actor_65301,movie_7443,1
actor_1074137,movie_7443,1
actor_20241,movie_7443,1
actor_84927,movie_7443,1
actor_36900,movie_7443,1
actor_226586,movie_7443,1
actor_933684,movie_7443,1
actor_1074138,movie_7443,1
actor_1892,movie_7450,1
actor_8984,movie_7450,1
actor_69597,movie_7450,1
actor_151385,movie_75864,1
actor_1605122,movie_75864,1
actor_24046,movie_75864,1
actor_87769,movie_75864,1
actor_57353,movie_75864,1
actor_1144361,movie_75864,1
actor_61178,movie_75864,1
actor_53209,movie_75864,1
actor_1605123,movie_75864,1
actor_129952,movie_75864,1
actor_155212,movie_76212,1
actor_162923,movie_76212,1
actor_21523,movie_76212,1
actor_358576,movie_76212,1
actor_341603,movie_76212,1
actor_161901,movie_76212,1
actor_333258,movie_76212,1
actor_383814,movie_76212,1
actor_50097,movie_76212,1
actor_77548,movie_76669,1
actor_51391,movie_77921,1
actor_58045,movie_77921,1
actor_1343571,movie_77945,1
actor_75069,movie_77945,1
actor_10700,movie_77945,1
actor_21245,movie_77945,1
actor_42627,movie_77945,1
actor_1697210,movie_77945,1
actor_1800729,movie_77945,1
actor_150816,movie_77945,1
actor_1246658,movie_77945,1
actor_94502,movie_77945,1
actor_1800731,movie_77945,1
actor_11180,movie_77945,1
actor_1475617,movie_77945,1
actor_1231914,movie_77945,1
actor_105351,movie_77945,1
actor_1800737,movie_77945,1
actor_2050,movie_77945,1
actor_298767,movie_77945,1
actor_122924,movie_77945,1
actor_147494,movie_77946,1
actor_43366,movie_77946,1
actor_4778,movie_79300,1
actor_188401,movie_79419,1
actor_27446,movie_79818,1
actor_6721,movie_79818,1
actor_20974,movie_79818,1
actor_57418,movie_79861,1
actor_44705,movie_79861,1
actor_158009,movie_79861,1
actor_38334,movie_81367,1
actor_8899,movie_81367,1
actor_16476,movie_81379,1
actor_153962,movie_81379,1
actor_591788,movie_81379,1
actor_60072,movie_81379,1
actor_37936,movie_81379,1
actor_7487,movie_81743,1
actor_182894,movie_81743,1
actor_1181022,movie_81743,1
actor_1863508,movie_81743,1
actor_1863510,movie_81743,1
actor_37073,movie_81743,1
actor_2250,movie_81743,1
actor_21058,movie_81743,1
actor_39353,movie_81743,1
actor_39353,movie_97930,1
actor_87740,movie_81743,1
actor_85614,movie_81743,1
actor_61167,movie_81743,1
actor_84844,movie_82401,1
actor_26973,movie_85867,1
actor_166807,movie_85867,1
actor_214006,movie_85867,1
actor_184470,movie_85867,1
actor_1818,movie_85867,1
actor_1212960,movie_85867,1
actor_6355,movie_85951,1
actor_46946,movie_87694,1
actor_75346,movie_87694,1
actor_181551,movie_88773,1
actor_167651,movie_88773,1
actor_9276,movie_88773,1
actor_158055,movie_88773,1
actor_184458,movie_88773,1
actor_1141800,movie_88773,1
actor_24529,movie_88773,1
actor_92594,movie_88773,1
actor_937270,movie_89473,1
actor_937906,movie_89868,1
actor_937907,movie_89868,1
actor_164583,movie_89868,1
actor_164583,movie_91133,1
actor_220988,movie_89868,1
actor_57830,movie_89868,1
actor_937908,movie_89868,1
actor_97330,movie_89868,1
actor_212522,movie_89868,1
actor_4517,movie_9054,1
actor_2165,movie_9054,1
actor_16217,movie_9054,1
actor_8261,movie_9054,1
actor_214540,movie_9054,1
actor_1426254,movie_9054,1
actor_67773,movie_9099,1
actor_67773,movie_9837,1
actor_21104,movie_9099,1
actor_21104,movie_9447,1
actor_15028,movie_9099,1
actor_15028,movie_926,1
actor_19505,movie_9099,1
actor_115786,movie_9099,1
actor_6168,movie_9099,1
actor_15453,movie_9099,1
actor_34841,movie_9099,1
actor_154838,movie_9099,1
actor_28745,movie_91133,1
actor_1068123,movie_91133,1
actor_4765,movie_91133,1
actor_218686,movie_91133,1
actor_71467,movie_92208,1
actor_43286,movie_92208,1
actor_86905,movie_92208,1
actor_78229,movie_92620,1
actor_29382,movie_92620,1
actor_1218219,movie_92620,1
actor_1212964,movie_92620,1
actor_1387524,movie_92620,1
actor_1387525,movie_92620,1
actor_1218562,movie_92620,1
actor_1386160,movie_92620,1
actor_10205,movie_926,1
actor_4566,movie_926,1
actor_4252,movie_926,1
actor_6807,movie_926,1
actor_15029,movie_926,1
actor_15030,movie_926,1
actor_15033,movie_926,1
actor_1294,movie_926,1
actor_15031,movie_926,1
actor_15034,movie_926,1
actor_46920,movie_926,1
actor_11678,movie_926,1
actor_88702,movie_926,1
actor_55624,movie_926,1
actor_58955,movie_926,1
actor_15035,movie_926,1
actor_15036,movie_926,1
actor_1100,movie_9279,1
actor_12931,movie_9279,1
actor_33196,movie_9279,1
actor_981033,movie_9279,1
actor_129317,movie_9279,1
actor_1410997,movie_9279,1
actor_188377,movie_9279,1
actor_51382,movie_9279,1
actor_54348,movie_9279,1
actor_13645,movie_9279,1
actor_151042,movie_9279,1
actor_7633,movie_9438,1
actor_6473,movie_9438,1
actor_230765,movie_9438,1
actor_9278,movie_9438,1
actor_172843,movie_9438,1
actor_27112,movie_9438,1
actor_126223,movie_9438,1
actor_5344,movie_9444,1
actor_3036,movie_9444,1
actor_7089,movie_9444,1
actor_18999,movie_9444,1
actor_10080,movie_9446,1
actor_12139,movie_9446,1
actor_53492,movie_9446,1
actor_22290,movie_9446,1
actor_45386,movie_9447,1
actor_45586,movie_9447,1
actor_2467,movie_9447,1
actor_212913,movie_9447,1
actor_46330,movie_9447,1
actor_6163,movie_9447,1
actor_32384,movie_9447,1
actor_1451740,movie_9447,1
actor_61792,movie_9447,1
actor_53573,movie_9714,1
actor_58724,movie_9714,1
actor_15799,movie_9714,1
actor_134712,movie_9714,1
actor_16181,movie_9714,1
actor_76526,movie_9714,1
actor_20005,movie_9732,1
actor_58828,movie_9732,1
actor_8294,movie_9732,1
actor_8231,movie_9732,1
actor_84249,movie_9732,1
actor_151384,movie_9732,1
actor_35132,movie_9732,1
actor_91312,movie_9732,1
actor_1077704,movie_9732,1
actor_98533,movie_9732,1
actor_91837,movie_9732,1
actor_162615,movie_9732,1
actor_1077705,movie_9732,1
actor_1077706,movie_9732,1
actor_2232,movie_9745,1
actor_11164,movie_9745,1
actor_13633,movie_9745,1
actor_21027,movie_9745,1
actor_149484,movie_9745,1
actor_1219029,movie_9745,1
actor_120952,movie_9745,1
actor_1215262,movie_9745,1
actor_93846,movie_9745,1
actor_170759,movie_9745,1
actor_894,movie_9745,1
actor_140387,movie_9745,1
actor_52938,movie_97930,1
actor_21059,movie_97930,1
actor_1907,movie_97930,1
actor_21399,movie_97930,1
actor_1015897,movie_97930,1
actor_175257,movie_97930,1
actor_64897,movie_97930,1
actor_75467,movie_97930,1
actor_1225895,movie_97930,1
actor_27775,movie_97930,1
actor_59244,movie_97930,1
actor_168273,movie_97930,1
actor_1530874,movie_97930,1
actor_1530875,movie_97930,1
actor_80352,movie_97930,1
actor_6065,movie_9820,1
actor_20162,movie_9820,1
actor_4494,movie_9820,1
actor_10701,movie_9820,1
actor_11715,movie_9820,1
actor_159962,movie_9820,1
actor_1106822,movie_9820,1
actor_152796,movie_9820,1
actor_6885,movie_9822,1
actor_1118,movie_9822,1
actor_9788,movie_9822,1
actor_22109,movie_9822,1
actor_5471,movie_9822,1
actor_19839,movie_9822,1
actor_21505,movie_9822,1
actor_41517,movie_9822,1
actor_148122,movie_9822,1
actor_66758,movie_9822,1
actor_443770,movie_9822,1
actor_1226231,movie_9822,1
actor_22223,movie_9822,1
actor_154884,movie_9822,1
actor_5576,movie_9837,1
actor_1160,movie_9837,1
actor_18277,movie_9837,1
actor_4785,movie_9837,1
actor_15735,movie_9837,1
actor_51547,movie_9837,1
actor_169893,movie_9837,1
actor_1008838,movie_9837,1
actor_1008866,movie_9837,1
actor_130231,movie_9837,1
actor_1080300,movie_9837,1
actor_217524,movie_9837,1
actor_191335,movie_9837,1
actor_56490,movie_9837,1
actor_35093,movie_9837,1
actor_1231073,movie_9837,1
actor_13918,movie_9849,1
actor_4003,movie_9849,1
actor_4250,movie_9849,1
actor_15411,movie_9849,1
